Trial ,Well ,Dose ,Minute ,TD ,MV 
3,B2,1,3,743.305,12.5698
3,A4,1,3,630.196,10.8094
1,A1,1,14,612.497,10.3929
3,B2,1,4,595.759,10.7407
3,A4,1,2,591.972,10.0163
3,A4,1,1,582.094,10.4316
1,A4,1,14,579.257,9.89041
3,A4,1,5,578.494,10.1193
1,A1,1,23,566.546,9.72318
1,A3,1,10,561.091,9.53142
1,A1,1,10,557.82,9.51897
1,A1,1,24,548.749,9.45019
3,B1,1,1,544.628,9.7138
1,A1,1,22,541.972,9.28022
3,A4,1,24,540.097,9.06698
3,B2,1,23,540.03,9.46855
3,A4,1,4,537.725,9.3679
3,B1,1,12,527.2,8.9103
1,A4,1,15,518.861,9.33189
1,A1,1,11,518.181,8.80249
3,B2,1,15,514.547,9.05879
3,B2,1,12,513.133,8.72663
1,A6,1,24,512.886,8.99786
1,A4,1,10,511.955,8.71649
3,A4,1,14,510.938,8.70904
1,A2,1,21,502.352,8.60671
3,A4,1,13,499.47,8.50392
3,B2,1,24,497.011,8.59372
3,B1,1,2,494.313,8.35446
1,A2,1,19,491.288,8.25221
3,A4,1,15,490.158,8.47523
3,B2,1,13,487.472,8.347
3,B1,1,3,479.593,8.17477
3,B2,1,14,475.738,8.28319
1,A1,1,2,474.977,8.03672
1,A4,1,11,473.568,8.03555
3,B2,1,5,473.493,8.32626
1,A3,1,20,469.502,7.98009
1,A1,1,9,467.661,7.95782
1,A1,1,15,465.752,8.34669
3,B2,1,25,462.661,8.09781
1,A1,1,3,457.338,7.69487
1,A1,1,25,456.465,7.82501
3,A4,1,12,454.008,7.68192
1,A1,1,12,450.823,7.71505
1,A1,1,5,445.113,7.613
2,A1,1,2,444.455,7.88963
1,A2,1,20,443.389,7.47695
1,A6,1,21,433.273,7.30225
1,A4,1,21,430.598,7.28992
1,A1,1,1,429.754,7.24295
3,A6,1,23,428.713,7.30336
3,A3,1,10,425.47,7.17075
1,A3,1,9,422.338,7.31523
2,A1,1,1,420.05,7.44319
3,A3,1,1,418.125,8.74117
1,A6,1,11,414.98,7.04142
2,A2,1,2,414.912,7.02042
1,A2,1,25,406.747,6.9568
1,A6,1,25,406.184,7.05172
3,B1,1,13,406.102,6.82133
1,A2,1,4,405.599,6.94112
2,A1,1,3,404.931,7.15415
1,A3,1,25,403.906,7.2644
1,A1,1,4,403.269,6.8234
2,A2,1,24,401.923,6.81601
3,A4,1,25,399.425,6.73935
3,A6,1,1,399.237,7.64812
1,A1,1,21,398.736,6.72395
1,A4,1,3,396.846,6.69962
1,A5,1,12,396.551,7.11932
1,A4,1,1,390.506,6.62989
1,A1,1,13,386.933,6.52858
1,A4,1,4,385.779,6.56449
1,A2,1,23,383.497,6.5405
1,A6,1,23,378.13,6.45999
1,A4,1,9,377.667,6.45209
3,A3,1,12,374.477,6.36497
1,A3,1,3,374.141,6.37007
3,A3,1,9,373.768,6.30645
3,B1,1,11,372.321,6.28204
1,A2,1,18,371.996,6.29071
1,A3,1,19,371.354,6.29405
1,A6,1,20,369.501,6.21698
1,A5,1,14,368.89,6.30573
2,A1,1,5,364.658,6.50779
2,A2,1,25,361.532,6.20115
2,A2,1,6,358.81,6.11251
1,A6,1,10,356.785,6.04711
2,B1,1,5,355.864,5.96411
1,A4,1,2,355.349,6.02277
2,A4,1,21,354.172,6.20621
1,A3,1,16,353.582,5.99284
1,A2,1,14,352.88,6.00469
1,A2,1,24,349.753,6.04055
1,A2,1,3,347.929,5.84418
1,A3,1,17,346.842,5.91536
3,A6,1,3,345.264,6.25092
1,A3,1,14,344.613,5.94836
2,A2,1,23,343.819,5.79462
3,A6,1,24,341.803,5.85939
1,A3,1,18,341.67,5.87728
1,A4,1,5,338.792,5.91252
1,A5,1,25,338.713,5.8264
3,A6,1,2,337.302,6.18894
2,A2,1,14,336.751,5.65961
3,A6,1,12,334.461,5.68481
1,A6,1,6,332.863,5.57864
3,A6,1,13,331.378,5.77306
1,A2,1,5,329.628,5.64101
1,A2,1,11,329.314,5.57522
1,A4,1,20,327.931,5.54242
1,A3,1,5,326.745,5.69234
3,A3,1,11,326.543,5.6042
1,A6,1,9,325.794,5.51562
3,A6,1,5,325.685,5.74392
3,B1,1,4,323.155,5.56836
1,A3,1,24,322.375,5.89342
3,B1,1,21,321.148,5.41559
1,A3,1,23,320.559,5.76191
2,A2,1,3,319.519,5.38509
1,A2,1,2,319.475,5.4056
1,A2,1,12,314.974,5.33545
1,A4,1,12,314.497,5.3064
1,A1,1,16,314.205,5.31043
3,A3,1,8,313.398,5.26123
1,A6,1,12,313.204,5.27273
2,A2,1,7,312.642,5.23682
3,B1,1,23,312.001,5.24659
1,A2,1,16,311.558,5.21867
1,A3,1,21,310.409,5.27601
1,A5,1,22,310.013,5.43874
1,A2,1,8,309.663,7.25196
2,A1,1,4,307.635,6.91305
1,A2,1,13,307.563,5.21287
2,A2,1,8,306.793,5.14458
2,B1,1,12,301.593,5.09154
3,B1,1,15,299.496,5.10788
1,A2,1,1,297.686,5.05116
3,A6,1,4,295.988,5.25726
1,A5,1,21,294.812,5.01659
2,A4,1,20,292.769,5.01882
1,A2,1,9,292.598,4.92582
2,B1,1,13,292.088,4.95617
2,A6,1,7,291.839,4.89383
1,A5,1,13,290.556,5.05015
2,B1,1,3,289.864,4.92123
1,A2,1,15,288.693,5.18603
2,A3,1,8,288.11,4.83129
2,A2,1,15,286.684,4.82627
2,A2,1,13,286.621,4.88274
2,B2,1,15,286.36,4.85349
3,A3,1,2,285.732,7.67398
2,B1,1,15,282.65,4.75835
3,A4,1,23,282.111,4.74927
3,A6,1,15,281.858,4.84841
3,A3,1,6,281.295,4.76496
1,A2,1,7,280.666,5.07219
3,A2,1,1,280.085,5.03743
1,A5,1,15,278.973,5.11557
1,A4,1,7,278.641,5.02349
2,A2,1,1,275.077,4.795
1,A3,1,12,273.357,4.79847
2,B1,1,11,273.268,4.67385
2,A2,1,11,272.807,4.64477
1,A6,1,22,272.699,4.61412
2,A2,1,20,272.211,4.69593
1,A6,1,19,269.778,4.55957
2,B1,1,2,268.702,4.55163
3,A2,1,4,268.557,4.62756
3,B2,1,21,266.971,4.50451
2,B1,1,24,266.757,4.51105
2,A3,1,9,265.7,4.46049
1,A1,1,19,264.707,4.4463
2,A2,1,5,264.654,4.4504
2,B1,1,1,264.562,4.62245
2,B1,1,14,264.326,4.47246
1,A5,1,24,264.214,4.65979
2,A6,1,2,263.71,4.58354
2,B2,1,24,261.497,4.46234
2,A2,1,21,260.374,4.52032
2,A3,1,7,260.319,4.36527
1,A3,1,11,259.868,4.60209
1,A1,1,20,259.509,4.34682
1,A1,1,18,258.986,4.37964
2,A2,1,22,256.815,4.44055
1,A3,1,13,256.49,4.45804
3,B1,1,24,256.006,4.28815
1,A2,1,17,255.819,4.31634
2,A2,1,12,254.384,4.3091
1,A1,1,6,254.232,4.28475
1,A5,1,23,254.069,4.37038
1,A4,1,13,252.295,4.26169
2,B2,1,12,250.982,4.27562
2,B1,1,4,250.953,5.27205
2,A3,1,14,249.082,4.20504
2,B2,1,23,248.7,4.29034
1,A1,1,17,247.963,4.17676
2,B2,1,22,247.792,4.33448
2,B2,1,3,247.098,4.17154
2,B2,1,14,244.937,4.17738
3,A6,1,14,244.56,4.23353
2,A6,1,3,244.058,4.23461
2,B2,1,11,244.039,4.15261
3,A3,1,5,243.806,4.22047
2,A3,1,25,243.467,4.17604
1,A3,1,15,242.374,4.43902
2,B1,1,23,241.856,4.0716
2,A1,1,22,241.206,4.24652
2,B3,1,5,239.038,4.01514
2,A4,1,2,238.361,4.03768
3,A3,1,15,237.833,4.07243
1,A3,1,4,237.595,4.05677
1,A2,1,22,237.116,4.09521
2,A6,1,11,236.78,4.08471
2,B1,1,25,236.736,4.0467
2,A3,1,15,235.717,4.02242
2,A6,1,5,235.166,3.94568
2,A3,1,6,234.09,3.98332
3,A3,1,4,233.439,4.02706
2,A3,1,10,233.313,3.92557
2,A3,1,24,232.907,4.01097
2,A3,1,12,232.447,3.94642
2,A2,1,19,232.379,4.02035
2,A3,1,13,230.596,3.94175
1,A4,1,19,230.354,3.88668
1,A2,1,6,229.944,3.86238
2,A4,1,1,228.895,3.99463
3,A3,1,7,227.969,4.14484
2,B2,1,13,227.958,3.89002
2,B2,1,2,227.697,3.85703
2,B2,1,21,227.67,3.97787
2,A3,1,3,226.808,3.83116
1,A6,1,18,226.379,3.81534
3,A3,1,13,225.924,3.80979
2,A4,1,19,225.874,3.90329
2,A4,1,3,225.173,3.79499
2,B2,1,1,225.054,3.92759
2,A6,1,1,224.089,4.03759
2,B1,1,21,223.83,3.88589
2,B3,1,13,221.68,3.80018
2,B3,1,23,221.437,3.79386
2,A3,1,5,220.538,3.70025
2,B1,1,22,220.112,3.79499
2,A6,1,21,219.311,3.89304
3,A5,1,24,218.779,3.69346
1,A5,1,5,218.556,3.7552
1,A3,1,6,216.706,3.65642
2,B2,1,25,216.675,3.7165
2,A3,1,2,216.316,3.66011
3,A3,1,25,216.26,3.64273
2,B3,1,14,216.243,3.65065
2,A2,1,4,216.038,4.53855
2,A6,1,23,215.349,3.69799
3,B1,1,6,215.166,3.61618
2,A3,1,1,215.128,3.74999
2,A6,1,25,215.017,3.70075
2,A6,1,8,213.556,4.02424
1,A6,1,17,213.511,3.60453
3,A6,1,11,213.087,4.45783
1,A4,1,8,212.053,5.02092
3,A3,1,3,212.016,3.61797
2,B3,1,12,211.801,3.60815
2,B2,1,7,211.76,3.54702
3,A2,1,2,211.716,3.57824
1,A1,1,8,208.504,4.98012
2,A3,1,11,208.289,3.54428
2,B3,1,2,208.076,3.51673
2,B3,1,15,207.704,3.53634
2,A3,1,23,207.01,3.56909
3,A5,1,7,206.475,3.75404
2,A6,1,13,203.792,3.48358
2,A6,1,24,203.463,3.45239
3,A5,1,9,203.254,3.42944
2,B3,1,3,203.224,3.43473
3,A2,1,5,202.344,3.47467
1,A3,1,8,200.325,4.75825
2,A6,1,14,199.954,3.38517
2,A6,1,22,199.294,3.50249
1,A3,1,22,198.885,3.45682
3,A3,1,22,198.338,3.56932
2,A6,1,12,198.217,3.38829
1,A2,1,10,197.211,3.32
1,A6,1,13,196.678,3.30732
2,A3,1,21,196.472,3.44885
2,A4,1,5,195.719,3.29673
3,B2,1,2,193.187,3.25042
2,B3,1,11,192.971,3.29672
2,B2,1,5,192.564,3.2309
2,B2,1,6,192.279,3.27557
2,A3,1,22,191.732,3.41155
1,A6,1,15,191.371,3.39707
1,A6,1,8,190.4,4.40056
2,A4,1,15,189.878,3.2164
2,A6,1,6,188.713,3.28192
2,A6,1,10,188.421,3.19714
1,A4,1,22,188.125,3.17954
3,A6,1,25,188.059,3.19824
3,A2,1,3,187.349,3.19341
2,B3,1,21,187.255,3.29091
3,A5,1,8,186.588,3.13237
3,B1,1,9,185.242,3.12552
2,B2,1,17,184.858,3.14916
1,A1,1,7,183.137,3.29774
2,B3,1,1,182.615,3.18695
2,A4,1,22,182.192,3.15571
2,B2,1,4,181.442,3.8171
1,A6,1,14,181.277,3.03982
2,B2,1,20,179.949,3.08128
3,A5,1,11,177.513,3.01035
1,A4,1,6,177.407,3.00009
2,A4,1,18,176.552,2.97891
2,A4,1,4,176.153,3.70324
1,A6,1,16,176.007,2.94159
2,A6,1,15,175.963,2.98744
2,B3,1,25,174.596,2.97265
2,B3,1,24,174.305,3.01215
2,A3,1,4,174.284,3.66137
2,A4,1,25,174.178,2.97566
2,A6,1,9,173.259,2.93489
3,A3,1,21,172.004,2.90053
3,B1,1,10,171.954,2.89806
2,B3,1,4,171.352,3.59979
2,B3,1,22,170.858,2.99922
2,A3,1,20,169.361,2.90662
2,A3,1,16,168.685,2.975
3,B1,1,8,168.052,2.8212
2,A2,1,10,166.987,2.80647
3,A5,1,22,166.092,2.98543
3,A4,1,22,165.881,2.98164
3,A5,1,12,165.254,2.79299
3,A3,1,24,164.299,2.7582
3,A5,1,21,162.665,2.74304
2,A6,1,4,161.591,3.41385
3,A4,1,16,161.239,2.86387
2,B2,1,8,159.802,2.68873
2,A3,1,18,158.846,2.6862
3,B1,1,7,155.608,2.82919
2,A6,1,16,155.198,2.7517
2,B1,1,18,154.775,2.61147
1,A4,1,23,153.978,2.5951
2,A4,1,24,152.812,2.58707
2,A4,1,14,152.049,2.56404
3,A5,1,23,151.325,2.54467
3,A5,1,10,151.267,2.55804
2,B1,1,20,150.158,2.58296
1,A3,1,2,149.942,2.53278
3,B1,1,22,148.422,2.66782
3,B2,1,11,147.451,2.50906
3,B1,1,20,147.091,2.6923
2,B1,1,19,146.687,2.53488
3,A5,1,18,144.821,2.46711
3,A3,1,18,143.627,2.44677
2,A4,1,17,143.532,2.4286
1,A5,1,16,143.206,2.40141
3,A5,1,6,142.53,2.39543
3,A3,1,20,141.268,2.58571
3,A6,1,8,141.115,264.587
2,A4,1,12,139.57,2.36422
3,A5,1,20,138.802,2.54058
3,A3,1,17,138.261,2.37968
1,A5,1,11,137.596,2.36687
1,A6,1,7,136.67,2.44341
2,A4,1,23,135.267,2.31223
2,B1,1,17,132.244,2.24013
3,A5,1,17,130.927,2.25345
3,B2,1,8,130.636,2.22293
2,A4,1,13,130.277,2.21305
3,B2,1,20,129.852,2.18726
3,B1,1,5,129.013,2.20532
1,A5,1,18,128.943,2.17561
1,A4,1,18,128.932,2.18526
1,A3,1,7,128.903,2.35222
3,B2,1,6,128.048,2.23727
3,A4,1,11,125.173,2.11199
2,A3,1,17,124.645,2.11619
3,B2,1,10,123.306,2.09227
3,B2,1,9,121.364,2.04199
2,B2,1,18,120.103,2.02874
3,A6,1,9,119.154,238.304
2,B2,1,16,118.928,2.10365
2,A4,1,11,118.523,2.02947
2,B3,1,17,118.379,2.01321
2,A1,1,12,117.58,2.04366
2,A6,1,20,117.324,2.05108
2,A3,1,19,116.18,2.0205
3,A6,1,10,115.906,217.321
2,B1,1,16,115.873,2.04359
3,A3,1,23,114.673,1.92833
1,A5,1,20,114.48,1.94141
2,A4,1,16,113.651,2.00441
2,A2,1,16,111.648,1.9714
2,A4,1,10,111.245,1.87805
2,A6,1,17,110.509,1.9086
3,B2,1,7,109.73,1.8504
1,A4,1,25,109.378,1.85803
3,A2,1,21,109.194,1.84135
1,A5,1,4,108.361,1.82833
3,A3,1,16,107.588,1.91095
3,B1,1,25,107.026,1.7937
3,A5,1,25,106.767,1.78937
2,B2,1,9,105.64,1.77543
3,A3,1,19,105.076,2.7151
1,A4,1,16,103.157,1.72406
3,A3,1,14,101.824,1.71322
1,A4,1,24,98.0195,1.67362
2,B3,1,16,96.6344,1.7073
1,A5,1,17,96.1716,1.61812
2,B2,1,19,95.7168,1.65789
2,B3,1,6,95.3713,1.62286
2,B1,1,8,93.993,1.57616
2,B3,1,20,93.4728,1.60788
3,A4,1,6,92.0341,1.54677
3,A6,1,16,91.8755,1.64551
3,A5,1,19,90.9379,2.34978
1,A4,1,17,89.9865,1.51236
2,A4,1,9,88.8848,1.50057
2,A1,1,6,88.747,1.51702
3,B2,1,1,87.9208,1.96982
2,B3,1,8,86.868,1.45668
2,B1,1,6,86.8423,1.4794
3,B2,1,22,85.9073,1.44867
2,A4,1,6,84.9529,1.44558
3,A2,1,20,84.9256,1.55444
3,A2,1,18,82.8546,1.41147
1,A5,1,9,81.8032,1.38023
2,A4,1,8,81.7634,1.37262
3,A2,1,17,79.873,1.37473
2,A4,1,7,79.2917,1.32667
3,A4,1,9,79.1649,1.33572
3,B2,1,19,76.6792,1.36357
2,B1,1,7,76.3088,1.27676
3,A2,1,15,75.6639,1.29191
1,A5,1,10,75.4639,1.27041
2,A1,1,11,73.9548,1.27287
3,A4,1,21,72.626,1.22608
3,A2,1,14,72.5761,1.22112
3,A4,1,8,72.2925,1.21362
3,A4,1,10,70.4445,1.18725
3,A2,1,16,70.0145,1.24358
2,A6,1,19,69.5956,1.22959
1,A5,1,19,69.148,1.16149
1,A5,1,6,69.0793,1.16033
3,A4,1,17,69.0215,1.18796
2,B3,1,9,68.8497,1.15842
2,A2,1,9,68.1602,1.14425
3,A4,1,18,67.8004,1.15502
2,B3,1,7,67.1915,1.12673
2,A2,1,18,66.3012,1.12884
3,A4,1,7,65.2621,1.18657
2,B3,1,18,65.2446,1.11022
3,A4,1,20,64.1218,1.17366
1,A5,1,1,63.7561,1.07452
3,A2,1,19,62.2995,1.61256
3,A6,1,22,59.7478,1.07394
2,A1,1,23,59.2577,0.995356
3,A2,1,10,57.8325,0.974691
3,A2,1,22,57.709,1.0373
1,A3,1,1,57.3222,0.965006
3,A5,1,16,57.252,1.01689
3,A2,1,8,56.7298,0.952362
3,A2,1,13,56.7124,0.952603
2,B1,1,9,56.5036,0.948563
3,B1,1,19,56.1541,1.45099
3,A2,1,23,54.2827,0.912813
1,A5,1,3,54.1029,0.904718
3,B2,1,16,53.4,0.899987
2,A6,1,18,52.9116,0.909122
2,B1,1,10,51.8949,0.874129
2,A2,1,17,50.3534,0.856825
3,A2,1,6,49.842,0.837669
2,A1,1,7,49.4834,0.829783
3,A2,1,12,48.5949,0.82131
1,A6,1,1,47.6558,0.802276
2,B3,1,19,47.0635,0.817063
2,A1,1,10,46.7199,0.791406
1,A5,1,8,46.7157,1.08137
1,A5,1,2,46.5202,0.78228
3,A6,1,6,46.1793,14.4308
3,A2,1,11,45.7589,0.772074
3,A2,1,25,45.5889,0.764049
3,A6,1,17,44.6227,0.768021
2,A1,1,9,40.488,0.681989
3,A2,1,7,39.6932,0.721686
3,A5,1,13,38.3312,0.643851
3,A2,1,24,37.9816,0.636199
3,A6,1,18,37.0275,0.630783
3,A6,1,7,36.9259,184.626
3,A2,1,9,36.1587,0.610092
3,A6,1,21,35.907,0.606871
1,A5,1,7,35.7166,0.638548
2,A1,1,8,35.2436,0.592321
3,A4,1,19,33.7003,0.870795
1,A6,1,2,33.1427,0.556701
3,A5,1,1,32.8434,0.585784
1,A6,1,4,32.657,0.551012
3,B1,1,18,32.2787,0.549884
1,A6,1,5,32.1692,0.545541
3,B1,1,16,32.1158,0.570432
1,A6,1,3,30.7891,0.514288
2,A1,1,21,28.1019,0.486747
2,B3,1,10,27.6639,0.467552
3,B2,1,18,25.6259,0.431891
3,A5,1,14,25.5145,0.42929
3,A5,1,5,25.2972,0.432425
3,A6,1,20,22.4299,0.410548
3,A5,1,3,21.5264,0.366923
3,A5,1,4,18.569,0.319968
3,A6,1,19,18.439,0.476452
3,B1,1,14,17.9647,0.302262
3,B2,1,17,17.2361,0.290166
3,A5,1,15,17.2069,0.293462
3,A5,1,2,15.03,0.254025
2,B2,1,10,9.31791,0.156426
3,B1,1,17,9.03685,0.155537
2,A1,1,20,8.95037,0.153257
2,A1,1,14,8.94637,0.149854
2,A1,1,13,8.01901,0.135607
2,A1,1,15,7.45055,0.125148
2,A1,1,19,7.41402,0.128121
2,A1,1,25,6.86546,0.115904
2,A1,1,17,6.37887,0.107932
2,A1,1,24,2.29104,0.0385044
2,A1,1,18,1.41005,0.0237912
2,A1,1,16,0.880095,0.0155216
1,B3,2,19,965.702,25.9129
3,B5,2,6,511.392,10.5658
1,B3,2,11,495.078,8.45791
3,B5,2,14,454.455,7.72873
3,B5,2,9,451.06,8.92587
3,B5,2,10,450.431,7.96742
1,B3,2,10,424.983,7.31458
3,B3,2,6,417.487,7.21038
3,B5,2,8,415.798,7.8998
3,B5,2,20,413.439,8.313
3,B5,2,7,413.042,9.13796
1,B6,2,14,399.851,6.87807
3,C2,2,12,399.01,6.74373
3,B5,2,23,389.716,6.67694
3,C2,2,16,382.941,6.80977
3,C3,2,12,381.181,6.4424
3,B5,2,15,377.855,6.44427
1,C3,2,11,377.115,6.64706
3,C4,2,6,376.789,6.46653
3,C3,2,10,375.659,7.79905
3,C4,2,5,370.829,6.33887
3,C4,2,15,367.585,6.26912
1,C2,2,19,367.357,6.2263
1,B6,2,21,365.596,6.95923
3,B5,2,21,360.879,6.10616
3,C5,2,6,360.003,6.05717
1,B2,2,21,356.694,6.26135
3,C2,2,6,355.332,5.99202
3,C3,2,24,352.711,5.90797
1,B3,2,17,352.47,5.92378
1,B6,2,15,351.836,6.62582
3,B4,2,6,350.905,5.89747
3,C3,2,11,348.086,5.87313
1,B6,2,24,347.004,6.69883
3,B6,2,6,344.381,6.2919
1,B6,2,2,344.38,5.79757
1,C1,2,11,342.643,6.22978
1,B6,2,25,341.249,6.23847
3,B5,2,11,339.968,5.73616
1,B6,2,3,338.702,5.67649
3,B5,2,13,338.407,5.70021
1,B6,2,13,338.306,6.17337
3,C4,2,13,337.765,5.67347
1,B6,2,23,336.699,6.39293
3,C4,2,4,336.415,5.79685
3,C3,2,14,335.73,5.65512
3,B6,2,24,335.114,5.62894
2,B5,2,13,334.434,5.82969
1,C2,2,11,332.138,6.07191
1,B5,2,23,331.468,5.91898
1,C1,2,19,330.696,5.87721
3,B5,2,25,324.825,5.44391
3,C3,2,13,322.973,5.42499
3,C2,2,13,322.903,5.42383
1,B2,2,25,322.099,5.76886
1,C3,2,21,321.89,5.63394
3,B5,2,5,319.536,5.46207
3,C2,2,11,317.786,5.36189
3,B6,2,3,315.316,5.45836
1,B2,2,23,314.092,5.49744
3,C5,2,10,313.704,5.29302
3,C4,2,14,312.996,5.26627
1,B6,2,22,312.337,6.34394
3,B6,2,5,311.838,5.43581
3,B6,2,14,310.687,5.22742
3,B5,2,4,308.874,5.32228
1,B2,2,22,306.006,5.59078
3,C2,2,14,305.071,5.13292
1,B6,2,11,303.574,6.1911
1,B6,2,1,302.947,5.16673
3,B5,2,3,302.073,5.1489
3,C3,2,15,302.035,5.15118
3,C4,2,12,301.685,5.09884
3,B5,2,12,301.557,5.09667
3,B5,2,24,301.049,5.04262
2,B5,2,12,301.028,5.19305
3,B6,2,15,300.695,5.12833
3,C5,2,9,300.503,5.07028
3,C2,2,25,299.398,5.01778
1,B2,2,14,299.008,5.1701
2,C5,2,13,298.258,5.13052
3,C5,2,13,296.506,4.98043
1,C2,2,24,296.367,5.38189
1,B6,2,12,296.27,5.88217
3,B6,2,23,293.675,4.98029
1,B5,2,25,292.939,5.3358
3,C2,2,24,292.868,4.90559
3,C4,2,3,292.513,4.98594
3,C5,2,11,291.142,4.91787
3,B5,2,22,291.069,5.23184
3,B5,2,2,290.495,4.90971
3,C5,2,14,290,4.87934
3,B5,2,1,289.363,5.16098
3,B6,2,25,288.944,4.85613
1,B5,2,22,287.632,5.40992
1,B6,2,5,287.087,4.94402
3,C2,2,15,286.179,4.88631
3,B4,2,11,283.778,4.78808
1,C1,2,18,283.636,4.9043
1,B2,2,11,283.54,5.06616
3,B6,2,2,282.445,4.77365
1,B3,2,13,282.356,4.74807
3,B6,2,13,282.069,4.73793
1,C4,2,11,281.272,5.05878
3,C3,2,23,280.966,4.75938
3,B6,2,9,280.2,5.10065
3,C3,2,25,279.745,4.68839
3,B6,2,4,279.534,4.81672
1,B3,2,14,277.818,4.6587
3,C5,2,22,276.688,4.9913
3,C2,2,23,276.685,4.65272
3,C5,2,24,276.412,4.62995
3,C3,2,22,276.398,4.98008
1,B4,2,21,274.604,5.12952
3,B6,2,1,272.418,4.87033
3,B6,2,7,272.279,5.34921
1,B3,2,12,271.415,4.56921
3,B3,2,3,271.211,4.62286
3,C3,2,5,270.404,4.62223
3,B6,2,8,270.363,5.18924
3,B6,2,11,269.823,4.57839
3,C1,2,11,269.427,4.55107
2,C5,2,11,267.871,4.6721
2,C1,2,15,267.863,4.56837
1,B5,2,14,267.736,4.75545
3,C4,2,2,266.897,4.51086
1,C1,2,25,265.723,5.10345
1,B2,2,12,265.7,4.76443
3,C5,2,3,265.181,4.52006
3,C3,2,3,264.983,4.51669
3,C5,2,16,264.904,4.70515
3,B3,2,16,264.708,4.7867
2,B5,2,15,264.63,4.5889
3,C3,2,4,264.25,4.55597
3,C1,2,10,262.938,4.43148
3,C5,2,21,262.81,4.4418
1,C4,2,24,262.447,5.05023
1,B2,2,13,262.186,4.56498
1,B6,2,4,261.834,4.56415
2,C1,2,2,261.421,4.43331
1,C4,2,21,260.832,5.13777
2,C1,2,14,260.668,4.41306
3,C5,2,25,260.223,4.36609
1,C3,2,12,260.122,4.88944
2,C1,2,3,259.643,4.38827
3,B6,2,12,258.399,4.36724
2,B6,2,18,257.905,4.48524
3,C5,2,12,257.825,4.35754
3,C5,2,8,257.73,4.32669
3,C2,2,4,257.101,4.43017
1,C1,2,10,256.823,4.43812
2,B6,2,20,256.335,4.52883
3,C3,2,21,255.992,4.31683
1,C3,2,17,255.617,4.35456
1,B5,2,21,254.611,4.69467
3,C3,2,2,252.983,4.27571
2,C5,2,12,252.937,4.32365
2,C1,2,13,252.787,4.34335
1,B5,2,20,251.87,4.48162
3,C2,2,22,251.595,4.52231
1,C3,2,24,250.777,4.6699
1,B6,2,16,250.576,4.35023
1,B4,2,15,250.553,4.74227
3,C5,2,2,250.4,4.23204
2,C1,2,22,250.329,4.39939
2,C1,2,5,249.357,4.19316
3,B6,2,10,249.263,4.35007
3,C3,2,7,249.079,4.52863
3,C2,2,1,248.315,4.42886
1,B4,2,22,247.781,4.89035
1,C3,2,23,247.372,4.62948
3,C1,2,2,246.944,4.17365
1,C4,2,10,246.826,4.34037
2,B5,2,2,245.919,4.1775
2,C1,2,24,245.451,4.17902
2,C5,2,14,245.139,4.17607
3,C1,2,5,245.086,4.19183
2,B5,2,5,244.314,4.10836
3,C4,2,16,244.046,4.45876
2,B5,2,3,243.996,4.14015
3,C5,2,4,243.951,4.20357
2,C1,2,23,243.433,4.14937
3,C2,2,3,243.371,4.14832
1,B5,2,13,241.411,4.28535
1,B4,2,14,240.405,4.36829
1,C1,2,13,239.659,4.09668
1,B5,2,24,238.878,4.39917
3,C1,2,4,238.272,4.10571
2,C1,2,1,237.549,4.16259
3,C2,2,5,237.205,4.05473
3,C2,2,21,237.161,4.0038
1,C1,2,22,236.611,4.51829
1,C3,2,20,236.079,4.01262
3,B3,2,4,235.882,4.1455
3,C1,2,12,235.524,3.98064
3,C1,2,3,235.48,4.0138
2,B5,2,11,234.81,4.06005
1,C1,2,20,234.756,4.22979
1,C1,2,5,233.718,4.08592
3,C5,2,18,233.671,3.9807
1,B4,2,11,233.289,4.38782
1,C3,2,25,232.643,4.4425
2,B5,2,14,232.125,4.03923
3,C4,2,25,232.051,3.88907
2,C5,2,23,231.789,3.98256
1,B2,2,10,230.727,3.97115
3,B3,2,5,230.582,3.98236
3,C1,2,25,230.272,3.86573
1,B4,2,23,229.88,4.51033
2,B5,2,23,229.77,4.04994
2,C5,2,3,229.637,3.87895
3,B4,2,14,229.539,3.86207
1,C1,2,23,229.254,4.03137
2,C3,2,8,229.245,3.89205
1,C4,2,23,229.123,4.54902
3,C1,2,23,229.12,3.85719
3,C1,2,13,229.04,3.85151
2,C5,2,15,228.529,3.90197
1,B6,2,20,228.061,3.95248
3,C5,2,15,227.987,3.8883
2,C5,2,5,227.98,3.84231
3,C5,2,17,227.505,3.9157
2,C2,2,24,227.08,3.85093
3,B3,2,14,226.532,3.81147
1,B2,2,15,226.472,4.13265
2,B5,2,6,226.382,3.86532
2,B6,2,2,225.955,3.85803
1,B5,2,19,225.93,4.00816
3,C4,2,23,225.798,3.80554
1,B5,2,1,225.72,3.86502
3,B6,2,21,225.671,3.81197
1,B4,2,24,225.548,4.33185
2,C1,2,12,225.39,3.88822
3,C5,2,7,224.946,4.08987
2,B5,2,24,224.718,3.89228
2,C5,2,2,224.193,3.78912
3,C4,2,24,224.182,3.75509
2,B4,2,23,223.755,3.80315
3,B6,2,22,223.635,4.10335
3,B3,2,2,223.535,3.83857
1,C1,2,14,223.41,3.94248
2,C5,2,22,223.286,3.94725
3,C1,2,21,223.251,3.7732
1,B4,2,13,223.199,4.22987
1,C3,2,15,222.865,4.32742
1,B2,2,24,221.426,3.89145
2,C4,2,25,221.327,3.8806
1,B5,2,4,221.096,3.85179
1,C4,2,19,220.949,3.91516
2,C3,2,20,220.777,3.85969
2,C1,2,25,219.653,3.88074
3,C5,2,5,219.448,3.7512
3,C4,2,22,219.307,3.94194
2,B5,2,1,219.274,3.83341
1,C1,2,1,218.523,3.70373
3,C5,2,1,218.195,3.89165
1,C1,2,4,218.17,3.84776
2,B6,2,13,217.663,3.73132
2,C3,2,23,217.573,3.79704
2,C1,2,21,217.458,3.82395
3,B4,2,2,217.219,3.67125
2,C3,2,19,217.113,3.82685
1,C1,2,15,217.056,4.02199
1,B5,2,16,216.897,3.70125
1,B5,2,11,216.76,3.96024
2,B6,2,19,216.675,4.00502
2,B5,2,25,216.598,3.8133
2,C3,2,25,216.273,3.69904
2,B6,2,12,215.706,3.74268
1,C2,2,7,215.66,4.05878
2,B6,2,21,215.575,4.10612
3,C2,2,2,215.371,3.64414
2,B6,2,1,214.889,3.76772
1,B2,2,4,214.851,3.64768
2,C3,2,9,214.64,3.64203
3,C4,2,11,212.794,3.5904
1,B5,2,15,212.565,4.09561
2,C5,2,1,212.27,3.7218
2,B4,2,24,212.219,3.6547
1,C1,2,21,212.147,3.83855
1,C1,2,6,211.424,3.61197
1,C4,2,5,211.303,3.74423
1,B5,2,3,211.282,3.5993
3,C1,2,22,211.228,3.79674
1,C1,2,12,211.138,3.85283
3,C1,2,14,210.971,3.54966
1,C4,2,25,210.78,3.91294
2,C1,2,11,210.552,3.64903
1,C4,2,14,210.538,3.80257
1,C1,2,24,209.798,3.92141
2,B6,2,14,209.321,3.58014
1,B2,2,5,209.307,3.58807
3,C1,2,1,209.273,3.73251
2,C5,2,25,209.206,3.67668
2,B4,2,15,208.546,3.56686
1,B6,2,19,208.483,3.57191
1,B2,2,19,207.895,3.54361
1,B3,2,21,207.74,4.07594
2,C3,2,17,207.726,3.62729
1,C1,2,9,207.538,3.54559
1,C1,2,16,207.307,3.50373
1,B5,2,2,207.004,3.51048
2,B4,2,12,206.985,3.54826
2,C5,2,24,205.991,3.56587
3,B4,2,13,205.448,3.45092
2,B4,2,25,205.347,3.61946
1,C3,2,14,205.225,3.70883
3,B4,2,25,204.871,3.44315
3,B3,2,25,204.786,3.43212
2,C3,2,6,204.785,3.50055
2,C2,2,11,204.667,3.4886
1,C2,2,12,204.263,3.88327
1,C4,2,3,203.864,3.49877
1,B2,2,17,203.589,3.48209
1,B5,2,12,203.465,3.81252
1,B3,2,24,203.214,4.16132
3,B4,2,3,203.103,3.46193
2,C1,2,4,203.097,4.26668
2,B4,2,14,202.086,3.44655
1,B4,2,3,201.598,3.42461
1,B6,2,10,201.227,3.53231
2,C4,2,24,201.087,3.53814
1,C4,2,2,200.947,3.42713
1,B2,2,18,200.413,3.44348
3,B3,2,15,200.167,3.41383
1,C3,2,1,200.052,3.39835
2,B5,2,22,199.993,3.62083
3,C1,2,24,199.661,3.35937
1,B3,2,25,199.578,4.08129
2,C3,2,10,199.372,3.39256
1,B6,2,18,199.024,3.47534
2,C3,2,15,198.905,3.36363
1,B2,2,3,198.463,3.36373
1,C3,2,19,198.389,3.36628
1,C2,2,18,198.307,3.42692
2,B6,2,22,198.222,3.74941
1,C4,2,4,198.182,3.43862
1,C2,2,13,197.888,3.53367
1,B4,2,12,197.818,3.894
2,C4,2,23,197.556,3.41787
2,C3,2,12,197.515,3.39758
1,B4,2,2,197.457,3.37528
2,C2,2,22,197.399,3.453
1,B6,2,9,197.393,3.38964
3,C4,2,21,196.827,3.31912
1,B2,2,2,196.77,3.34259
1,B6,2,17,196.405,3.44564
2,C3,2,21,196.316,3.49518
2,C3,2,13,196.252,3.39531
2,C3,2,7,196.115,3.30526
3,B3,2,23,195.965,3.29902
1,B5,2,5,195.904,3.43085
1,C1,2,2,195.878,3.38884
2,C2,2,23,195.692,3.36429
1,B4,2,4,195.297,3.38465
2,C2,2,5,194.851,3.28027
1,C4,2,22,194.731,3.91807
2,B6,2,3,194.433,3.32739
1,C4,2,1,194.066,3.29293
3,B4,2,24,193.556,3.24936
1,B5,2,6,193.448,3.28802
1,B3,2,1,193.231,3.27876
2,C2,2,21,193.035,3.41248
2,C2,2,2,192.965,3.26502
2,C5,2,21,192.905,3.42431
1,B4,2,5,192.691,3.41645
3,B3,2,13,192.587,3.23491
1,C4,2,20,192.34,3.44897
2,B5,2,4,191.792,4.04903
2,B5,2,16,191.624,3.4157
3,B4,2,10,191.402,3.22584
1,B3,2,4,191.134,3.28028
2,C4,2,22,190.898,3.43749
2,C3,2,18,190.836,3.26583
1,C4,2,13,190.788,3.44586
2,B4,2,22,190.574,3.33945
1,C2,2,20,190.329,3.20235
1,C1,2,17,190.007,3.21859
2,C3,2,14,189.539,3.25105
1,B3,2,3,189.252,3.26292
2,C4,2,13,189.046,3.22233
3,C5,2,20,188.967,3.46299
2,C4,2,15,188.288,3.21124
3,C5,2,23,188.138,3.16372
1,C2,2,25,188.049,3.5018
2,C2,2,25,187.999,3.21912
2,B6,2,23,187.976,3.32697
1,B3,2,22,187.343,3.60732
2,B6,2,11,186.932,3.24342
1,C3,2,22,186.686,3.52453
2,C2,2,15,186.356,3.17107
3,B5,2,16,186.339,3.39204
2,C2,2,3,186.31,3.13649
1,C4,2,18,186.066,3.31074
1,C3,2,5,185.979,3.21388
1,C3,2,10,184.766,3.27789
3,B3,2,24,183.901,3.08038
3,B4,2,21,183.888,3.11143
2,C4,2,5,183.846,3.08807
2,C4,2,3,183.815,3.10669
3,C1,2,15,183.776,3.13429
1,C3,2,2,183.76,3.09878
1,B2,2,1,183.456,3.09887
1,C3,2,4,182.612,3.21683
1,B2,2,20,182.526,3.12718
1,B4,2,1,181.64,3.11557
2,C5,2,4,180.819,3.82275
2,C4,2,2,180.443,3.05659
3,B4,2,4,180.358,3.1078
2,C4,2,21,180.113,3.15983
1,C2,2,14,179.495,3.19003
3,B4,2,5,179.184,3.06293
1,B2,2,16,178.929,3.03436
1,B3,2,5,178.921,3.19307
1,B4,2,25,178.241,3.40801
3,B4,2,23,178.136,2.99552
2,C2,2,13,178.104,3.03238
1,C3,2,13,177.895,3.2581
1,C2,2,10,177.219,3.09639
2,C3,2,11,175.692,3.04136
1,C2,2,6,175.328,2.95492
1,C4,2,12,175.322,3.25067
1,C3,2,3,175.09,2.97768
2,B4,2,11,174.867,2.97726
1,B6,2,6,174.697,2.96427
1,C3,2,18,173.947,2.97851
2,C3,2,22,173.75,3.05714
2,C4,2,6,173.67,2.96868
2,C3,2,24,173.328,2.99698
1,C4,2,15,172.366,3.41765
2,C4,2,14,171.092,2.94136
3,C3,2,6,171.005,2.87399
1,B3,2,23,170.964,3.27722
2,B4,2,13,170.591,2.95478
3,B4,2,15,170.439,2.91013
1,B5,2,17,170.185,3.03717
2,C4,2,12,170.122,2.92135
1,B3,2,2,170.003,2.92098
1,C2,2,4,169.843,2.91322
2,C2,2,14,169.589,2.87434
3,C1,2,6,167.575,2.82109
2,C3,2,3,166.963,2.83144
1,C3,2,16,166.462,2.82294
2,C2,2,12,166.208,2.81228
3,B4,2,22,165.889,2.98178
2,C4,2,1,165.483,2.88797
1,C1,2,3,165.336,2.82622
1,B4,2,19,164.783,2.88079
1,C2,2,5,164.681,2.87564
1,C1,2,7,164.615,2.97852
2,B6,2,15,163.803,2.83719
2,B6,2,4,162.427,3.50558
3,C3,2,1,161.348,2.87774
3,C4,2,1,161.32,2.87724
3,B4,2,20,160.845,2.94404
1,C2,2,3,160.726,2.70732
3,B3,2,22,160.389,2.88639
2,C2,2,1,160.147,2.7916
3,C2,2,9,159.387,2.68928
2,C3,2,5,159.113,2.68315
1,B2,2,9,158.956,2.68201
2,C4,2,11,158.941,2.69998
1,B5,2,18,158.689,2.88696
2,C1,2,18,158.268,2.68399
1,C2,2,15,156.012,3.00984
2,C4,2,4,155.781,3.27265
3,B3,2,12,155.746,2.63823
2,C1,2,17,155.581,2.6504
3,C2,2,19,155.414,4.01582
2,B6,2,25,154.24,2.6793
1,B4,2,17,153.645,2.70816
2,C1,2,19,152.668,2.65661
3,B4,2,16,152.6,2.79142
2,B6,2,17,152.379,2.63021
2,B5,2,7,151.142,2.52882
1,C4,2,17,150.979,2.70244
3,C4,2,17,150.917,2.59749
2,C3,2,16,150.019,2.68047
1,B4,2,16,149.73,2.558
2,C3,2,2,149.679,2.52975
2,C2,2,4,149.404,3.13432
2,B4,2,3,148.449,2.5189
1,C2,2,16,148.4,2.51664
1,C4,2,16,148.209,2.52482
2,B6,2,5,147.728,2.47863
3,C1,2,9,147.508,2.48885
3,C5,2,19,146.649,3.78932
3,B4,2,12,146.374,2.47668
3,B5,2,18,146.024,2.4876
2,B6,2,10,145.122,2.45135
2,B4,2,2,144.66,2.44217
3,C2,2,17,143.177,2.46429
2,B4,2,5,142.845,2.39402
3,B3,2,17,141.424,2.4369
1,B4,2,18,141.378,2.49634
2,B5,2,8,140.916,2.37495
2,B4,2,21,140.858,2.46109
3,B5,2,19,140.709,3.63585
1,B5,2,9,140.598,2.40335
1,B5,2,10,140.206,2.45255
3,C3,2,16,140.046,2.48747
2,B5,2,9,139.96,2.35488
2,C1,2,10,139.788,2.37866
2,C1,2,9,138.859,2.33635
1,B6,2,7,138.684,2.50329
1,C2,2,2,138.329,2.3565
1,C4,2,6,137.212,2.31513
2,C3,2,4,136.493,2.88972
2,B5,2,17,135.851,2.31561
1,B4,2,20,135.664,2.44731
2,B6,2,24,133.972,2.29139
2,C1,2,20,133.534,2.31693
2,B5,2,21,133.412,2.31347
2,B4,2,4,133.042,2.79693
2,C3,2,1,132.391,2.3145
2,C2,2,6,131.552,2.23851
1,B3,2,15,131.213,2.3292
2,B6,2,6,130.569,2.24215
1,B6,2,8,129.378,3.02752
2,C4,2,17,128.825,2.1996
1,C1,2,8,128.742,3.06524
1,C2,2,1,128.097,2.16134
1,C2,2,17,127.195,2.18295
2,B5,2,19,126.425,2.21277
2,B4,2,1,126.354,2.20254
2,C1,2,16,125.948,2.22389
2,C5,2,7,125.733,2.10841
1,C2,2,9,124.891,2.18592
1,B3,2,9,124.689,2.15597
3,B3,2,1,124.681,2.27654
2,C5,2,20,124.185,2.14109
3,B4,2,1,119.624,2.13356
2,C1,2,6,119.368,2.0358
1,B4,2,7,119.308,2.1758
3,B3,2,21,117.934,1.99773
1,B2,2,8,117.551,2.71895
1,B4,2,10,114.287,1.97497
2,C4,2,18,113.793,1.94515
1,B5,2,7,113.067,2.03843
2,C2,2,19,112.581,1.96588
2,C5,2,8,111.867,1.88115
2,C1,2,7,111.248,1.86134
2,C4,2,20,111.016,1.91625
1,B4,2,9,110.299,1.90496
2,C5,2,9,110.102,1.84835
2,C5,2,18,109.438,1.87178
1,B4,2,6,109.087,1.85101
3,C1,2,16,108.737,1.93135
3,B3,2,18,107.1,1.8245
2,C5,2,16,106.232,1.88018
2,C5,2,17,106.127,1.80383
1,C3,2,6,105.637,1.79856
2,C5,2,19,105.506,1.84879
2,C4,2,19,105.052,1.82802
3,B6,2,16,103.055,1.95671
3,C4,2,9,102.067,1.72213
2,B4,2,10,101.84,1.71831
1,B2,2,6,101.694,1.71585
2,C4,2,7,101.097,1.69529
1,B5,2,8,100.501,2.35914
2,C5,2,6,98.999,1.6865
2,C5,2,10,98.9182,1.66433
2,C4,2,10,98.9136,1.66239
2,C2,2,20,98.6168,1.69442
3,B4,2,9,98.1115,1.6554
2,B5,2,20,97.6045,1.67511
2,B6,2,7,97.4967,1.63127
2,C2,2,10,96.2822,1.62912
2,C4,2,16,95.7839,1.70331
1,B2,2,7,94.7491,1.7082
2,B5,2,18,92.8906,1.58514
2,B4,2,6,91.4894,1.56212
3,B3,2,20,90.7732,1.66147
2,B5,2,10,90.3653,1.51872
2,C2,2,8,90.0736,1.51722
2,C4,2,9,89.1758,1.49705
3,C4,2,10,88.7726,1.49615
2,B6,2,8,88.6113,1.48758
1,C2,2,23,88.5914,1.50834
2,B6,2,9,88.019,1.48762
2,C2,2,9,87.8201,1.47429
1,C4,2,9,87.5075,1.5122
1,C3,2,9,86.6117,1.48221
2,C2,2,7,86.335,1.44612
2,B6,2,16,85.8187,1.52791
1,B3,2,6,84.1064,1.42874
2,C1,2,8,83.8758,1.41045
1,C3,2,7,82.8655,1.48148
2,C4,2,8,81.6766,1.37116
1,C2,2,21,79.0507,1.33831
3,C4,2,7,78.5825,1.42875
3,B3,2,19,77.6977,2.00766
1,C4,2,7,77.0812,1.38136
2,C2,2,16,72.6456,1.28574
1,B4,2,8,72.6212,1.73043
2,B4,2,16,69.9187,1.25301
3,C2,2,10,66.5236,1.12117
1,B3,2,16,66.4443,1.11047
1,C3,2,8,63.8538,1.49889
3,B6,2,20,63.7062,1.16605
1,B3,2,7,62.6439,1.15012
3,C2,2,8,62.2472,1.04499
1,C4,2,8,59.7953,1.39925
1,C2,2,8,59.0428,1.40799
1,C2,2,22,58.2614,0.986908
2,C2,2,18,58.2268,0.991362
1,B3,2,8,57.4305,1.35023
3,B3,2,11,57.0226,0.964835
3,C4,2,18,56.9931,0.970909
3,B4,2,7,56.555,1.02826
3,C3,2,9,56.4112,282.05
3,C1,2,8,56.0861,0.941555
3,C3,2,17,55.6325,0.957517
3,B3,2,10,51.0055,0.859632
3,B4,2,18,50.96,0.868131
2,B4,2,9,50.0724,0.844379
2,B4,2,20,48.8946,0.840102
2,B4,2,19,48.8053,0.860751
3,B4,2,17,46.75,0.804636
3,C2,2,20,46.4291,0.84982
1,B3,2,20,45.635,0.774777
3,B4,2,19,45.0732,1.16668
3,B3,2,7,44.5214,0.809469
2,B4,2,8,43.9622,0.742176
3,C3,2,18,43.5776,0.742369
3,C2,2,7,42.7319,0.776932
2,B4,2,7,42.1655,0.705492
3,B3,2,9,41.9048,0.707046
3,C1,2,17,38.5377,0.66329
2,B4,2,18,37.3271,0.642086
3,C2,2,18,36.8444,0.627664
3,C3,2,20,32.6112,0.596903
3,B4,2,8,31.3118,0.525651
3,C1,2,18,31.289,0.533025
2,B4,2,17,31.0378,0.530555
3,C4,2,8,29.3886,0.493365
3,B5,2,17,28.9546,0.498351
3,C3,2,19,27.4204,0.708529
3,B3,2,8,24.4264,0.410062
3,B6,2,17,22.9249,0.394571
2,C2,2,17,21.0903,0.358471
3,C1,2,20,20.9522,0.3835
3,C1,2,7,20.8347,0.378808
3,B6,2,18,18.0233,0.307037
3,B6,2,19,17.2505,0.445742
3,C1,2,19,12.615,0.325966
3,C4,2,20,8.18269,0.149773
3,C4,2,19,6.46613,0.167081
3,A3,3,20,707.917,11.9714
1,B1,3,24,590.465,10.1048
1,B1,3,25,576.828,10.0258
1,B1,3,13,569.267,9.60506
1,B1,3,12,556.724,9.38812
1,B1,3,4,503.646,8.47877
3,A4,3,5,493.496,8.43091
3,B1,3,3,491.379,8.27225
1,A5,3,1,486.46,8.21712
1,A5,3,13,478.945,8.10843
1,A5,3,4,470.655,7.88797
1,B1,3,5,469.963,7.86758
3,B1,3,14,455.075,7.78339
1,A5,3,3,454.481,7.65968
3,B1,3,2,454.118,7.64069
1,A5,3,2,449.427,7.49867
1,B1,3,22,439.709,7.50774
1,B1,3,23,439.075,7.6805
3,B1,3,12,438.552,7.38293
1,B1,3,3,437.355,7.35453
1,A5,3,5,436.943,7.32296
1,A5,3,23,431.578,7.39417
1,A5,3,14,428.828,7.40625
3,B1,3,13,427.745,7.24572
3,A1,3,11,424.369,7.19665
1,A5,3,12,423.777,7.22338
3,B1,3,4,410.895,7.39453
3,A3,3,21,409.878,6.91573
3,A1,3,14,409.812,7.00524
1,A1,3,12,408.034,6.92748
3,A1,3,12,399.947,6.74059
3,B1,3,21,399.244,6.78209
1,B2,3,20,396.624,6.76438
3,A5,3,3,396.316,6.68315
3,B1,3,5,393.425,6.70983
3,A5,3,15,389.734,6.59439
3,A5,3,14,389.486,6.63887
1,A5,3,15,385.927,7.48393
1,A5,3,24,385.731,6.51563
3,A1,3,24,379.139,6.52553
1,A5,3,22,373.034,6.54436
3,A4,3,4,370.784,6.67268
3,A1,3,13,365.791,6.24919
3,B1,3,15,360.463,6.106
3,A5,3,4,359.702,6.47324
3,A2,3,12,359.647,6.08531
3,A4,3,3,358.449,6.0344
1,B2,3,19,357.764,6.10509
3,A5,3,5,355.359,6.06062
3,A3,3,11,353.94,6.00909
1,A1,3,2,353.429,5.89695
1,B3,3,23,351.117,6.01218
3,A1,3,25,350.996,6.11483
1,A1,3,13,349.733,5.95788
1,A1,3,25,346.974,6.16285
1,B1,3,14,345.923,5.89299
1,A1,3,1,337.524,5.68853
1,A5,3,25,336.628,5.84753
1,A1,3,4,335.716,5.63905
1,A1,3,5,335.636,5.61884
3,A3,3,9,335.066,5.6376
3,B1,3,11,334.301,5.66925
1,A3,3,4,330.574,5.55578
1,A3,3,13,329.635,5.57121
1,A1,3,3,328.692,5.51797
3,A5,3,25,328.34,5.73011
1,B3,3,24,322.868,5.46917
1,B2,3,21,321.869,5.46151
1,A3,3,25,319.452,5.56207
1,C1,3,21,319.044,5.36201
1,A5,3,21,316.395,5.51204
1,B1,3,20,313.846,5.31934
3,A3,3,22,311.579,5.26013
1,C1,3,22,310.96,5.20282
1,B2,3,16,309.976,5.27163
1,A1,3,14,308.082,5.29646
3,A3,3,12,307.791,5.18451
1,A3,3,5,305.265,5.10469
3,A3,3,19,304.943,5.42273
3,A3,3,2,304.792,5.12822
3,B2,3,2,304.488,5.12311
3,B1,3,22,304.287,5.15733
1,A1,3,15,301.886,5.78687
3,A3,3,14,298.386,5.09763
1,B3,3,25,294.334,5.07464
3,A6,3,21,293.266,4.95933
1,A3,3,2,291.645,4.87152
3,A3,3,15,291.362,4.92436
3,A3,3,3,290.441,4.8895
1,A3,3,20,288.443,4.95033
3,A3,3,13,288.391,4.88515
1,C1,3,4,288.39,4.83463
3,A3,3,10,288.17,4.88416
1,B2,3,25,287.264,5.05739
1,B2,3,24,286.633,4.98773
3,A2,3,5,285.829,4.87479
3,A3,3,25,285.012,4.91959
3,A3,3,8,281.315,4.78692
1,A4,3,25,281.184,4.80924
3,A3,3,5,281.016,4.7927
1,A3,3,14,280.246,4.79046
1,A4,3,21,279.98,4.76151
3,A2,3,15,278.586,4.71907
1,B2,3,4,277.875,4.68059
1,A3,3,23,277.172,4.81195
1,A3,3,1,276.464,4.65944
3,A3,3,4,274.825,4.94579
1,C1,3,2,272.92,4.57018
3,A4,3,25,269.61,4.74937
1,C1,3,20,268.953,4.52268
1,A3,3,21,268.147,4.5915
3,A2,3,13,265.925,4.50969
3,A1,3,23,265.556,4.5162
3,A3,3,23,265.348,4.49736
3,A2,3,6,263.399,4.54391
3,A4,3,23,263.129,4.45472
3,A5,3,2,262.947,4.43412
3,A6,3,3,262.902,4.4259
3,A2,3,23,260.732,4.41414
3,B1,3,1,260.704,5.89821
1,A5,3,11,260.688,4.47398
1,B3,3,22,258.16,4.37553
1,B2,3,18,255.902,4.32017
1,B3,3,3,255.484,4.28898
1,A1,3,24,255.244,4.35316
3,A3,3,24,254.366,4.363
1,A4,3,24,253.636,4.32327
3,A2,3,24,251.895,4.32555
1,A5,3,10,251.75,4.23815
3,A4,3,2,251.578,4.23289
1,A3,3,22,251.525,4.57312
3,A4,3,21,248.85,4.2417
1,A4,3,23,248.129,4.22701
1,A1,3,19,247.824,4.20749
3,A6,3,5,247.578,4.22241
3,A6,3,20,246.71,4.16031
3,A2,3,14,244.914,4.19847
1,C1,3,5,244.343,4.11924
1,C1,3,12,243.164,4.10745
1,A1,3,23,241.94,4.21737
1,A4,3,15,241.302,4.52152
3,A4,3,24,240.973,4.14037
3,A5,3,24,240.144,4.1475
1,B2,3,22,239.689,4.15881
3,A6,3,25,239.666,4.1512
1,A3,3,15,239.143,4.50923
3,A2,3,11,235.958,4.00603
1,A4,3,5,235.614,3.9356
3,A2,3,21,233.587,3.94123
3,A6,3,4,231.357,4.16353
1,A4,3,4,230.95,3.87495
1,B1,3,2,228.949,3.83279
1,C1,3,23,228.557,3.8391
1,A4,3,14,227.536,3.9028
1,A3,3,12,224.24,3.77502
1,B2,3,3,222.949,3.75751
1,B3,3,2,221.88,3.72277
1,A4,3,22,221.635,3.77996
1,A3,3,11,221.414,3.78265
1,B2,3,15,219.337,4.16984
1,C1,3,10,219.317,3.66746
3,A2,3,25,218.992,3.78874
1,C1,3,19,218.949,3.97842
1,B2,3,13,218.839,3.70908
1,B3,3,14,218.651,3.74184
1,A4,3,16,217.48,3.68604
1,C1,3,9,216.949,3.63699
1,B3,3,13,216.945,3.64404
1,A1,3,18,214.614,3.62518
1,C1,3,3,213.687,3.57432
1,A3,3,24,212.744,3.65953
1,B1,3,21,212.589,3.63187
3,A6,3,11,212.06,3.60437
3,A2,3,4,212.021,3.81556
3,A2,3,3,211.035,3.55273
1,C1,3,17,209.609,3.55364
3,A3,3,1,209.316,4.70719
1,C1,3,7,208.646,3.50955
3,A2,3,22,208.316,3.54073
1,C1,3,1,207.533,3.65049
1,B2,3,17,205.603,3.48672
3,A2,3,2,205.433,3.45648
1,A3,3,3,205.386,3.45374
3,A6,3,22,204.284,3.44487
1,A1,3,11,203.904,3.48748
1,C1,3,11,203.793,3.45505
1,A1,3,22,202.52,3.48766
1,B2,3,2,201.855,3.36795
1,A4,3,2,200.572,3.34653
1,A5,3,16,199.49,3.38497
1,C1,3,8,198.598,3.32655
1,A4,3,20,198.034,3.36788
3,A6,3,2,197.753,3.32726
1,A5,3,8,197.595,3.4524
1,C1,3,24,196.653,3.96073
1,C1,3,25,195.495,3.30782
1,B1,3,19,195.436,3.29198
3,B2,3,21,194.61,3.30964
1,B2,3,23,193.705,3.26282
1,A4,3,13,193.604,3.26111
1,B3,3,12,192.389,3.22976
1,C1,3,6,192.03,3.23733
1,B3,3,19,191.309,3.23699
3,A4,3,22,189.285,3.19554
1,A3,3,10,188.579,3.18541
1,B3,3,15,187.997,3.56275
1,B2,3,14,187.909,3.23791
1,A4,3,12,187,3.15518
1,B3,3,5,186.708,3.13967
3,B1,3,20,186.507,3.14156
1,A5,3,9,186.184,3.15561
3,B2,3,1,185.144,4.17927
1,C1,3,13,183.772,3.1209
3,A6,3,24,183.456,3.13595
3,A5,3,21,179.725,3.03585
3,A2,3,1,179.327,4.04491
1,A5,3,7,179.021,3.49417
1,B3,3,4,178.498,3.00498
1,C1,3,14,177.163,3.00781
1,A4,3,3,177.133,2.97032
3,A6,3,10,176.357,2.99244
1,C1,3,15,174.208,2.94597
3,A2,3,16,173.8,2.93246
1,B3,3,18,172.164,2.93625
3,A6,3,19,172.058,3.0633
3,A5,3,13,171.617,2.90053
1,A5,3,20,171.594,2.95508
1,A4,3,17,171.161,2.9125
1,C1,3,18,170.85,2.87541
3,A5,3,6,170.712,2.94496
1,A1,3,21,168.631,2.91074
3,A2,3,20,168.448,2.86311
1,A4,3,1,168.361,2.83432
1,A1,3,16,168.262,2.85833
3,A4,3,20,167.225,2.84554
1,C1,3,16,166.784,2.97559
1,B3,3,16,164.989,2.80908
3,A6,3,23,163.965,2.77589
1,B1,3,11,161.595,2.77651
1,B3,3,21,158.645,2.70414
1,A3,3,19,157.341,2.70187
1,B3,3,11,156.484,2.65373
3,A5,3,7,154.614,2.60728
3,A1,3,21,152.729,2.57695
1,B3,3,17,152.404,2.59335
1,B2,3,12,151.079,2.55198
1,A1,3,20,146.751,2.50996
1,B2,3,1,142.785,2.40375
3,B2,3,23,142.544,2.41324
1,B1,3,10,140.94,2.3807
1,B3,3,1,140.886,2.37179
1,A5,3,19,140.198,2.36951
3,A3,3,6,138.704,2.39279
1,B1,3,9,138.515,2.35299
3,A4,3,6,137.812,2.37739
1,A5,3,6,137.092,2.30273
1,A5,3,18,136.664,2.30458
3,A4,3,19,135.341,2.44883
3,A2,3,17,132.562,2.23416
3,A6,3,12,130.333,2.18921
1,A4,3,11,129.058,2.17878
3,A2,3,19,127.242,2.27622
3,A3,3,18,126.759,2.13876
3,A4,3,14,125.308,2.16046
1,A3,3,16,124.178,2.12389
3,B1,3,19,121.123,2.1539
3,A2,3,18,120.952,2.04423
1,A3,3,18,120.574,2.04476
3,A5,3,20,120.567,2.03543
3,A3,3,7,120.282,2.02834
3,A5,3,8,118.162,2.01067
1,A1,3,10,117.21,1.96878
3,A4,3,10,116.668,1.9774
1,A3,3,9,114.753,1.93836
1,B1,3,6,114.746,1.93389
3,A4,3,15,114.367,1.9373
1,A3,3,8,114.024,1.98531
1,A3,3,17,113.435,1.92805
3,A6,3,9,111.986,1.88844
3,B2,3,11,111.103,1.88842
1,A5,3,17,110.357,1.87573
1,B1,3,18,109.662,1.84303
3,A6,3,13,107.22,1.8101
3,B2,3,22,106.915,1.80903
3,A4,3,17,106.162,1.78922
1,A1,3,6,105.308,1.77085
3,A6,3,18,103.216,1.74153
3,A5,3,12,102.718,1.73313
1,A1,3,17,102.234,1.73964
3,A2,3,9,101.163,1.70401
3,A2,3,10,100.8,1.70846
3,A5,3,9,100.518,1.69315
3,A3,3,16,96.4794,1.63154
3,B2,3,20,94.7029,1.60059
3,A4,3,9,94.2039,1.58501
3,B2,3,3,93.8399,1.57977
3,A1,3,15,93.0475,1.5735
1,A4,3,6,91.7115,1.54048
3,B1,3,6,91.459,1.57776
3,A1,3,2,91.0022,1.53114
3,A1,3,22,90.4717,1.52908
3,A4,3,16,88.8277,1.49708
3,A4,3,12,88.5958,1.49485
3,A2,3,7,88.5551,1.49332
3,A4,3,7,88.2362,1.48794
1,A3,3,7,87.3777,1.70104
3,A6,3,14,86.7518,1.4787
1,A1,3,8,86.3846,1.51108
3,A4,3,18,85.7372,1.4581
3,A3,3,17,85.0583,1.43194
3,B2,3,19,83.7612,1.49127
3,A1,3,20,82.419,1.39141
3,A4,3,1,82.1402,1.84031
3,B1,3,7,82.0837,1.38419
1,B3,3,10,79.1987,1.32882
3,A4,3,13,77.2501,1.30857
3,A4,3,8,76.9796,1.3099
3,A6,3,17,75.7383,1.27504
1,A4,3,18,74.6632,1.25764
3,A5,3,1,74.658,1.67268
3,A6,3,15,73.6539,1.24344
1,A4,3,19,72.48,1.22362
1,B1,3,7,71.9561,1.40629
3,A5,3,23,71.5104,1.21202
1,B1,3,8,71.1505,1.2446
3,B2,3,13,70.6055,1.19063
1,A1,3,7,69.8717,1.362
3,A5,3,10,68.0915,1.15932
1,B1,3,1,68.0597,1.14577
3,A2,3,8,67.2021,1.14352
1,A1,3,9,66.2487,1.12031
3,B1,3,18,65.5232,1.10431
3,B1,3,10,65.509,1.1103
3,B1,3,8,65.1731,1.109
3,A4,3,11,64.6641,1.09413
3,B2,3,9,64.4246,1.08397
3,A5,3,11,64.1921,1.09107
3,A6,3,1,64.1159,1.43648
1,B3,3,9,64.012,1.08616
3,A5,3,22,63.9156,1.07782
3,A1,3,10,63.2483,1.07199
1,A4,3,9,60.8356,1.02646
1,B3,3,6,60.4026,1.01459
1,A4,3,10,60.3629,1.01279
3,B1,3,9,59.3072,0.997862
3,B2,3,24,59.0912,1.01009
3,B2,3,15,58.5354,0.988207
3,A1,3,9,57.6327,0.96969
3,A6,3,8,54.8263,0.932934
3,B1,3,25,54.4789,0.941985
3,B2,3,14,53.7505,0.916189
3,B2,3,18,53.07,0.894427
3,A5,3,19,51.7655,0.920535
1,B3,3,7,50.5159,0.985982
1,B3,3,20,49.8713,0.848137
3,B2,3,10,49.3238,0.83693
1,B1,3,17,48.9083,0.82754
3,B2,3,12,48.2819,0.813728
1,B3,3,8,48.1265,0.841851
1,A3,3,6,44.3823,0.745493
1,A4,3,8,44.2838,0.772831
1,B2,3,5,44.119,0.737765
3,B2,3,17,43.8353,0.738787
3,B1,3,16,42.444,0.71534
3,B1,3,23,40.3027,0.683088
3,A6,3,6,39.6645,0.684254
1,A4,3,7,38.9537,0.758336
3,A6,3,16,38.115,0.642378
1,B2,3,6,37.3411,0.627222
3,A1,3,19,34.7616,0.618159
3,A1,3,8,34.5581,0.588047
1,B1,3,15,32.0688,0.600156
3,B2,3,16,31.1204,0.524493
3,B2,3,8,30.2268,0.514345
3,B2,3,4,28.3412,0.510032
1,B2,3,9,28.2764,0.476027
1,B1,3,16,27.1765,0.460612
3,A5,3,16,26.9944,0.454955
3,A5,3,18,25.7219,0.433508
1,B2,3,8,24.5692,0.427781
1,B2,3,10,24.3641,0.40833
3,A1,3,18,23.7971,0.401068
3,B2,3,5,23.7036,0.404261
1,B2,3,7,23.6097,0.459625
3,B1,3,17,22.2492,0.374561
3,A6,3,7,21.2445,0.35825
1,B2,3,11,20.8353,0.351153
3,A1,3,1,19.5872,0.442476
3,B2,3,6,19.5184,0.336713
3,B2,3,7,19.1013,0.322109
3,A5,3,17,16.2607,0.273746
3,A1,3,6,15.6113,0.269311
3,A1,3,7,13.7319,0.231564
3,A1,3,17,7.84537,0.132075
3,B2,3,25,5.87295,0.101373
3,B1,3,24,5.28003,0.0902555
3,A1,3,4,4.88593,0.087928
3,A1,3,3,3.98745,0.0671279
3,A1,3,5,1.10439,0.0188354
3,A1,3,16,0.570619,0.00961699
1,B5,4,21,661.328,11.3499
1,C2,4,22,642.585,11.0535
1,C4,4,22,604.502,10.3924
1,B5,4,13,580.153,9.83852
1,C4,4,24,567.784,9.58543
1,C2,4,12,559.647,9.50689
1,C4,4,25,558.352,9.46346
1,C1,4,18,549.476,9.25549
1,C1,4,19,548.803,9.23379
1,C4,4,14,546.207,9.43349
1,B5,4,25,544.458,9.33343
1,C4,4,13,537.513,9.20911
1,C2,4,24,536.84,9.16618
1,C1,4,20,519.491,8.82475
1,C2,4,13,514.742,8.76393
1,B5,4,14,509.849,8.78029
1,C4,4,23,509.823,8.74469
1,C1,4,13,505.001,8.67688
1,C2,4,11,497.774,8.47502
1,C1,4,17,495.171,8.39735
1,C2,4,5,494.426,8.26787
1,C2,4,23,494.112,8.4607
1,B5,4,22,490.149,8.50941
1,C4,4,15,479.277,9.06564
1,B6,4,22,477.493,8.28012
1,C1,4,14,476.044,8.19812
1,C2,4,4,473.002,7.94949
1,C2,4,2,471.113,7.90448
1,C1,4,12,467.596,7.89403
1,B5,4,24,464.423,7.95235
3,C1,4,3,457.923,7.70903
1,C2,4,25,457.101,7.72119
1,C2,4,14,456.911,7.94155
3,B5,4,11,455.973,7.74137
1,C4,4,5,453.924,7.62034
1,B6,4,9,451.042,7.61027
1,C1,4,21,447.615,7.69528
1,C2,4,15,447.578,8.42883
1,B6,4,10,445.816,7.47166
3,C4,4,22,440.706,7.59827
1,B6,4,24,433.689,7.37556
1,B5,4,15,426.036,8.10971
1,C1,4,15,423.437,7.99428
1,C2,4,3,423.433,7.11642
3,C4,4,12,419.267,7.05036
3,C4,4,14,418.089,7.12641
1,B4,4,14,414.681,7.22431
3,C4,4,11,407.676,6.91357
1,C2,4,1,405.761,6.83089
1,B5,4,20,404.304,6.96265
1,C1,4,24,402.881,6.95411
1,C1,4,25,401.354,6.82565
1,B6,4,8,400.166,6.97549
1,C4,4,21,389.154,6.75214
1,C4,4,4,389.057,6.53137
3,C4,4,5,381.327,6.5035
3,C4,4,6,379.848,6.71496
1,C1,4,4,365.215,6.15177
1,C4,4,2,357.364,5.96262
1,C1,4,5,356.974,5.99948
1,C4,4,3,355.184,5.9694
1,B6,4,6,353.893,5.9644
1,B5,4,10,350.774,5.88539
1,B6,4,25,350.472,6.008
1,C1,4,16,349.501,5.93036
1,B6,4,23,347.233,6.00395
3,B5,4,4,346.285,6.2318
1,C3,4,19,345.586,5.8474
1,B6,4,18,340.215,5.73067
1,B6,4,19,338.401,5.70651
1,B6,4,7,336.632,6.58762
1,C1,4,2,335.298,5.60067
1,C4,4,12,334.635,5.6685
1,C1,4,23,333.539,5.70469
1,B5,4,11,333.417,5.65744
1,B5,4,9,332.934,5.61748
3,C4,4,24,326.207,5.58248
1,B5,4,23,324.301,5.53722
1,C1,4,3,324.077,5.51769
1,B6,4,21,323.661,5.64189
3,B5,4,3,319.673,5.38163
1,B4,4,11,318.746,5.4085
1,B4,4,23,316.958,5.39954
1,C3,4,20,315.525,5.3782
1,C5,4,10,314.495,5.25319
3,C4,4,13,304.327,5.13192
1,C1,4,8,300.21,5.2453
3,C1,4,2,296.903,4.9955
1,B6,4,3,295.825,4.97178
3,C1,4,20,294.985,4.9856
3,B5,4,21,293.06,5.03533
1,B6,4,11,291.79,5.0049
1,B6,4,17,290.418,4.92505
1,B6,4,20,289.737,4.93023
1,C2,4,9,286.225,4.81854
1,B6,4,12,285.534,4.83403
1,B6,4,13,285.412,4.82109
1,B4,4,15,283.223,5.41182
1,B6,4,15,283.102,5.34821
1,C3,4,10,283.059,4.77866
1,B6,4,14,282.872,4.86585
3,C4,4,23,281.679,4.77415
3,B6,4,23,280.929,4.75608
1,B5,4,12,280.648,4.70091
3,B5,4,2,270.676,4.55933
3,B5,4,1,269.902,6.04701
1,C3,4,17,268.708,4.57759
3,B6,4,21,266.917,4.52906
1,C1,4,6,266.705,4.47987
1,B6,4,2,265.86,4.44576
1,B5,4,19,262.705,4.46013
3,C1,4,4,261.492,4.70585
3,B5,4,12,258.782,4.34678
1,B4,4,10,253.844,4.25431
3,C4,4,25,253.498,4.38066
3,B6,4,20,252.131,4.28545
3,B6,4,15,250.897,4.24523
3,C1,4,11,246.851,4.19096
3,C1,4,21,243.56,4.11878
1,C2,4,21,243.503,4.15056
1,C1,4,1,240.222,4.04408
3,C4,4,1,240.134,5.38006
1,C4,4,19,239.164,4.03759
1,C1,4,10,237.994,3.97978
1,B6,4,1,237.9,4.005
1,B6,4,4,235.838,3.95253
3,C4,4,10,235.199,3.98636
3,B6,4,24,233.842,4.00637
1,C3,4,21,230.61,3.93526
3,B6,4,22,228.78,3.86666
1,B6,4,5,228.551,3.82614
3,B5,4,5,227.986,3.89271
3,B5,4,14,225.595,3.85408
3,B5,4,17,224.803,3.78452
1,C5,4,9,223.11,3.75601
3,B6,4,16,222.661,3.75267
3,B6,4,25,221.014,3.81493
3,B6,4,5,219.062,3.73608
3,C4,4,4,218.043,3.92393
3,C4,4,7,215.978,3.64208
1,C4,4,20,215.905,3.68434
1,C3,4,9,215.729,3.64814
3,B6,4,14,212.722,3.65496
1,B5,4,16,212.104,3.60307
1,C3,4,18,211.923,3.60613
3,B5,4,20,208.425,3.53858
1,B5,4,17,207.052,3.5113
3,B5,4,15,205.661,3.47983
1,C5,4,11,205.659,3.46223
1,B5,4,8,204.843,3.57072
1,B5,4,18,204.799,3.45745
1,C1,4,7,202.283,3.93796
1,C1,4,9,199.054,3.3548
3,B3,4,21,198.591,4.38061
1,C1,4,11,198.412,3.35528
3,B6,4,13,198.087,3.37069
3,B5,4,19,197.661,3.54438
1,C3,4,7,197.527,3.84538
3,B6,4,12,195.618,3.31176
1,C3,4,8,194.015,3.38196
1,C3,4,6,193.24,3.2495
3,B6,4,8,193.043,3.28485
3,B6,4,10,193.018,3.27514
3,B3,4,5,189.967,3.20886
3,B4,4,22,189.558,3.20376
1,C4,4,1,188.068,3.17678
3,B3,4,6,187.898,3.16323
3,B6,4,9,187.893,3.16136
3,B6,4,7,186.94,3.15241
3,B4,4,24,186.896,3.32353
3,B5,4,18,186.148,3.13728
3,B6,4,19,185.637,3.31688
3,B6,4,11,185.576,3.15065
3,C2,4,12,184.865,3.12268
3,B4,4,20,183.533,3.07593
3,B5,4,23,183.246,3.10231
3,B6,4,6,183.026,3.15739
1,B6,4,16,181.616,3.0992
3,B6,4,17,181.263,3.05495
1,C1,4,22,180.854,3.05837
1,C3,4,11,179.939,3.04632
3,C2,4,24,179.456,3.07459
3,C3,4,6,178.603,3.00674
1,B4,4,12,178.528,2.9954
3,B4,4,23,178.304,3.0017
3,C2,4,23,176.587,2.99296
3,C2,4,18,175.742,2.9619
1,C3,4,25,175.587,3.07503
3,C1,4,22,175.482,2.95919
3,C3,4,15,173.291,2.93378
3,C3,4,7,172.862,2.91664
3,C2,4,25,171.741,2.97468
3,B4,4,25,169.804,2.86505
3,C2,4,14,168.291,2.87509
1,C3,4,24,168.11,2.86059
1,C2,4,20,163.944,2.78497
1,C3,4,23,163.887,2.76988
3,C3,4,8,163.59,2.77738
3,C3,4,14,163.354,2.76554
3,C3,4,10,163.162,2.75144
3,C1,4,19,162.715,2.89353
1,C3,4,13,162.361,2.73639
3,C2,4,19,162.151,2.88692
3,B6,4,18,161.665,2.74005
1,B4,4,25,161.262,2.73631
1,C3,4,22,161.054,2.73432
3,C3,4,13,159.401,2.7078
1,C2,4,6,156.404,2.63895
3,C1,4,12,155.588,2.61342
1,C3,4,15,154.324,2.89174
3,C3,4,12,153.071,2.5654
3,C3,4,11,151.787,2.54673
3,B5,4,10,150.876,2.56444
1,B5,4,7,150.535,2.93056
3,C2,4,20,148.757,2.51843
1,C3,4,14,148.585,2.54859
3,C3,4,9,147.336,2.64513
3,C2,4,11,145.823,2.47015
3,B4,4,21,143.68,3.16937
1,C3,4,16,143.631,2.43715
3,B4,4,16,143.595,2.4283
1,B4,4,13,143.392,2.44277
1,C4,4,16,139.113,2.37122
3,C1,4,18,138.662,2.33697
3,C2,4,17,138.558,2.3326
3,B4,4,11,136.901,2.29696
3,B3,4,13,136.037,2.31091
3,B5,4,16,135.421,2.28235
1,C3,4,5,134.971,2.257
1,C3,4,12,134.943,2.27428
3,C2,4,15,133.255,2.24963
1,C3,4,4,132.989,2.22884
3,B3,4,4,132.659,2.27023
3,B4,4,14,132.119,2.23674
3,B5,4,9,132.072,2.22215
3,C2,4,7,132.002,2.22597
1,B4,4,9,131.282,2.22634
1,B4,4,22,130.562,2.3384
3,B5,4,22,129.109,2.17719
3,C2,4,21,128.812,2.18077
3,B4,4,15,127.463,2.15792
3,C1,4,23,127.377,2.15647
3,B4,4,12,126.7,2.12343
3,B3,4,7,126.31,2.13119
3,B5,4,8,126.183,2.14715
3,B4,4,13,125.854,2.13792
3,C1,4,1,125.508,2.84165
1,C2,4,18,125.307,2.13104
3,B4,4,17,125.107,2.12163
1,C2,4,7,125.016,2.44646
3,C2,4,5,124.904,2.13023
3,B6,4,4,124.064,2.23268
1,C2,4,10,123.705,2.06631
3,B4,4,19,122.287,2.05406
1,C4,4,17,121.862,2.06895
3,B3,4,12,120.663,2.02226
3,B6,4,1,120.573,2.70137
3,B5,4,24,120.414,2.05833
3,C1,4,10,119.635,2.02997
3,B5,4,7,118.966,2.00614
3,C2,4,10,118.963,2.02086
3,C2,4,16,118.689,2.00035
3,B4,4,18,116.742,1.98989
1,B4,4,8,116.649,2.03101
3,B5,4,6,116.286,2.00606
3,B3,4,3,115.17,2.00875
3,B3,4,20,114.882,1.92537
3,C2,4,9,114.214,1.92601
3,B4,4,10,113.423,1.91267
1,C3,4,3,111.824,1.87517
3,B6,4,3,110.678,1.86324
1,C2,4,17,110.276,1.86696
3,B3,4,10,109.007,1.83821
3,B4,4,6,106.935,1.80023
3,B3,4,11,106.251,1.7827
3,B5,4,13,105.907,1.78593
3,C2,4,13,104.952,1.77582
3,C2,4,4,104.782,1.88567
3,B3,4,14,104.461,1.7685
3,C1,4,13,103.219,1.7406
3,B6,4,2,102.978,1.73264
3,C2,4,8,101.686,1.73031
1,B4,4,3,99.3656,1.66626
3,B3,4,19,99.1789,1.66592
3,B3,4,18,98.3946,1.67716
3,C3,4,16,96.5164,1.63216
3,B3,4,2,96.3738,1.65116
1,C4,4,11,96.3581,1.63224
3,C2,4,6,96.173,1.65909
3,C1,4,24,95.5655,1.63357
1,C5,4,8,95.222,1.65794
3,B3,4,9,91.9595,1.65095
3,B5,4,25,91.8608,1.58561
1,B5,4,1,89.2846,1.50309
1,B4,4,4,89.0312,1.49212
3,C2,4,3,87.9444,1.48052
3,B4,4,7,86.8843,1.46597
1,B4,4,16,84.1213,1.44702
1,C3,4,2,83.7964,1.39814
3,B4,4,9,83.403,1.49734
1,B4,4,17,82.3051,1.40132
3,B3,4,15,81.6007,1.38148
1,C5,4,7,80.9507,1.57591
3,B3,4,1,80.9373,1.37102
3,B3,4,17,80.9261,1.37238
1,C4,4,18,79.7021,1.34554
3,C3,4,2,77.8558,1.33389
3,C2,4,2,76.1356,1.28101
1,B4,4,5,74.7438,1.24849
1,C3,4,1,74.0815,1.24715
3,C1,4,9,73.7513,1.24089
3,C3,4,22,73.655,1.24486
3,B4,4,8,72.2143,1.22603
1,B4,4,18,72.164,1.21418
1,C2,4,8,71.5889,1.24645
3,C3,4,17,71.524,1.21294
1,C4,4,6,70.3524,1.18171
1,B5,4,6,68.8562,1.15658
3,C3,4,25,64.9663,1.09615
3,C1,4,25,61.106,1.05475
3,C1,4,14,58.8491,1.0031
3,C3,4,18,58.371,0.994947
3,B3,4,16,56.5836,0.956868
3,C3,4,23,56.5603,0.95218
1,C2,4,19,56.4282,0.95049
3,C3,4,3,55.0102,0.959467
1,B4,4,21,54.7999,0.934076
3,C3,4,24,54.7155,0.972994
3,B3,4,8,53.8049,0.913483
3,C3,4,4,52.8728,0.904828
3,C1,4,17,52.1839,0.878506
3,C3,4,19,51.9333,0.872328
3,C3,4,5,51.9099,0.876845
1,B5,4,2,51.4725,0.858817
3,C1,4,15,50.2919,0.849035
1,C2,4,16,48.5048,0.822105
1,B4,4,24,48.2167,0.810353
1,B5,4,3,47.3951,0.794764
3,C2,4,1,47.2279,1.06608
3,C1,4,8,47.0979,0.801427
3,C3,4,20,46.6441,0.781734
1,B4,4,19,46.6297,0.785441
1,C4,4,9,40.768,0.68632
1,C4,4,10,39.1668,0.654954
1,C5,4,21,39.0625,0.660574
1,C5,4,1,37.4356,0.63022
1,B5,4,5,37.2604,0.622383
3,C3,4,21,36.849,0.812832
1,B5,4,4,36.498,0.611688
1,B4,4,20,36.1854,0.61749
1,B4,4,2,35.6678,0.595117
1,C5,4,5,34.918,0.583255
3,C1,4,16,33.3701,0.562409
3,C1,4,6,32.2895,0.557028
1,C4,4,7,28.8809,0.562241
1,C5,4,18,28.0326,0.471126
3,C2,4,22,26.6351,0.449151
1,C5,4,4,25.5595,0.428364
1,C4,4,8,23.867,0.416038
3,C1,4,7,22.2434,0.375093
1,B4,4,7,21.1376,0.411499
1,C5,4,2,18.3081,0.30547
3,C1,4,5,17.7083,0.302015
1,C5,4,22,17.3519,0.293101
1,C5,4,3,14.1814,0.237807
3,B4,4,4,11.2656,0.192791
1,C5,4,6,10.0052,0.168057
1,C5,4,20,9.40345,0.159378
1,B4,4,6,7.50273,0.126024
1,C5,4,23,7.08073,0.11927
3,B4,4,1,6.98465,0.118315
3,B4,4,3,5.97095,0.104143
1,B4,4,1,5.30288,0.0892729
3,B4,4,5,4.94223,0.0834824
1,C5,4,24,4.49132,0.0753146
3,B4,4,2,4.41972,0.0757223
3,C3,4,1,3.38987,0.0574224
1,C5,4,19,3.34775,0.0563267
1,C5,4,12,2.80855,0.0470439
1,C5,4,17,2.25328,0.0381259
1,C5,4,25,1.65043,0.0277848
1,C5,4,13,1.56066,0.0261268
1,C5,4,15,0.612862,0.0114697
1,C5,4,14,0.520786,0.00886175
3,B3,4,22,0.453751,0.00766888
1,C5,4,16,0,0
3,B3,4,23,0,0
3,B3,4,24,0,0
3,B3,4,25,0,0
1,B2,5,15,844.684,14.2842
1,B2,5,14,797.395,13.5379
1,B2,5,17,796.903,13.5105
1,B2,5,18,785.452,13.2192
1,B2,5,16,768.941,13.7187
1,B2,5,19,682.09,12.3939
1,B2,5,13,651.755,11.0684
3,A1,5,13,578.049,10.0645
3,B1,5,11,522.775,8.82557
1,A2,5,9,497.013,8.33204
1,A2,5,10,491.104,8.21691
3,A1,5,20,483.517,8.172
3,A3,5,18,482.469,8.23315
3,A4,5,3,466.933,8.17258
3,A4,5,24,464.296,8.29583
1,A2,5,8,443.034,7.42091
3,A4,5,25,440.945,7.43991
3,B1,5,21,434.67,9.63779
3,A1,5,6,425.429,7.18619
3,A4,5,1,405.935,6.87628
1,A2,5,7,379.365,6.38116
3,A4,5,11,371.705,6.25056
3,B1,5,23,362.289,6.10933
3,A3,5,13,355.598,6.06124
3,A4,5,14,347.161,5.89399
3,A3,5,6,343.805,5.79438
3,A3,5,7,338.561,5.71885
3,A2,5,21,324.611,7.16042
1,A2,5,6,320.549,5.40395
2,A4,5,16,319.715,5.40356
3,A1,5,21,318.488,7.13022
1,A2,5,11,311.486,5.28084
2,A1,5,14,308.165,5.52259
3,A3,5,16,306.695,5.22471
3,A4,5,13,302.124,5.19702
2,A1,5,13,301.213,5.20822
3,B1,5,13,301.19,5.15142
1,B2,5,5,301.091,5.07592
1,A2,5,1,299.336,5.26528
2,B3,5,20,297.804,5.01347
2,A5,5,19,292.589,4.95067
2,A3,5,23,287.954,4.97897
3,A4,5,15,284.103,4.80979
3,A6,5,23,283.533,4.77321
2,B3,5,19,283.199,4.77563
2,B3,5,10,281.342,4.75501
3,B1,5,25,276.727,4.66913
1,B1,5,17,274.073,4.64656
2,B3,5,21,271.878,4.60803
2,A5,5,13,270.332,4.72877
1,B1,5,16,269.897,4.81522
1,B1,5,18,269.525,4.53613
2,A5,5,20,269.265,4.67467
3,B1,5,24,266.652,4.76157
3,A5,5,21,263.642,5.81554
1,B1,5,19,261.143,4.74511
2,A5,5,21,260.687,4.48167
3,A4,5,21,259.475,5.73628
1,B1,5,21,257.729,4.33152
3,A2,5,22,255.811,4.32351
3,A4,5,16,255.504,4.35759
2,B3,5,9,250.503,4.25537
2,A5,5,14,250.405,4.47412
2,A1,5,12,249.263,4.65905
2,A5,5,24,247.594,4.32598
3,A2,5,20,247.333,4.14519
2,A5,5,23,244.093,4.21571
2,A1,5,15,244.077,5.0498
1,B1,5,25,243.785,4.12839
2,A5,5,11,243.565,4.20175
2,B3,5,23,243.411,4.11393
1,B1,5,13,243.048,4.12756
2,A5,5,25,242.21,4.23191
2,A5,5,22,240.92,4.18258
2,A4,5,6,239.352,4.02266
2,A5,5,3,237.962,4.01054
2,A4,5,18,237.354,4.04117
2,A2,5,20,237.146,4.01709
2,A3,5,25,237.106,4.09032
2,A4,5,19,236.551,4.08076
1,B1,5,20,236.261,3.97294
2,A3,5,5,236.091,3.99923
2,A3,5,24,234.674,4.01604
2,A5,5,4,233.802,3.97617
2,B3,5,25,232.796,4.00676
2,A4,5,14,231.476,4.16818
2,A2,5,11,231.435,4.0413
2,A2,5,5,230.302,3.90998
3,A4,5,5,230.075,3.89953
1,A2,5,2,230.024,3.85187
1,B2,5,25,228.824,3.87176
2,B2,5,24,228.317,3.87629
3,A4,5,12,227.245,3.81279
2,A5,5,5,224.073,3.81504
2,A5,5,2,222.111,3.75817
1,B1,5,7,220.515,3.70919
2,A3,5,22,218.929,3.8074
2,B1,5,24,218.161,3.67475
2,A4,5,20,218.04,3.75926
2,A2,5,19,217.732,3.70078
2,B1,5,25,216.87,3.6966
2,A3,5,14,216.419,3.82812
2,A1,5,5,214.642,3.61955
2,B3,5,22,212.8,3.63963
3,A4,5,2,211.097,3.61669
3,A3,5,14,210.486,3.56349
2,A4,5,22,209.867,3.58334
2,A5,5,18,209.114,3.54627
2,A6,5,11,208.064,3.63109
2,B1,5,13,206.882,3.53237
2,A2,5,13,206.606,3.62887
2,A4,5,17,206.444,3.57164
2,A2,5,24,205.99,3.50716
1,B2,5,2,205.89,3.44773
3,B1,5,15,205.484,3.48273
2,A1,5,4,205.283,3.48917
2,B1,5,5,203.709,3.43904
2,A5,5,10,203.645,3.49101
2,A1,5,3,203.453,3.41933
3,A5,5,22,203.295,3.43593
2,B3,5,11,203.057,3.47496
2,B3,5,24,202.732,3.47138
2,A2,5,18,202.654,3.42123
2,A2,5,15,202.054,4.20939
2,A4,5,24,201.528,3.50886
2,A1,5,11,201.52,3.45458
3,A5,5,20,201.507,3.37717
2,A4,5,9,201.489,3.46394
2,A2,5,12,201.3,3.71625
1,B2,5,10,199.935,3.34334
2,A4,5,10,199.535,3.40692
2,A5,5,15,199.391,4.11676
2,A3,5,4,198.822,3.3415
2,A2,5,14,198.219,3.53746
2,A6,5,4,197.835,3.3493
1,A4,5,5,196.293,3.2953
2,A6,5,13,195.077,3.39653
2,B2,5,25,194.658,3.36191
2,B2,5,23,194.027,3.31288
3,A6,5,25,193.435,3.26377
2,A4,5,5,192.867,3.28746
2,A4,5,13,192.61,3.41301
2,A4,5,11,192.435,3.36812
2,A4,5,23,192.34,3.31234
1,A2,5,3,192.151,3.21409
2,A3,5,15,191.178,3.91218
2,A2,5,25,190.789,3.33737
1,A1,5,11,190.577,4.0519
3,A2,5,23,190.31,3.20383
2,A6,5,14,190.2,3.39235
2,A3,5,3,189.919,3.2171
2,A2,5,4,189.805,3.22063
3,A3,5,20,189.427,3.18538
2,A3,5,21,188.462,3.18344
2,A5,5,12,188.051,3.50401
2,B3,5,8,188.001,3.19002
2,A6,5,2,187.719,3.16021
3,A6,5,12,187.027,3.14679
2,A6,5,12,186.504,3.41369
2,A2,5,22,186.389,3.24526
3,A5,5,11,186.261,3.12515
3,A6,5,22,185.856,3.14119
1,A2,5,4,184.931,3.10023
2,B1,5,23,184.342,3.17098
1,B2,5,9,183.772,3.0808
1,B2,5,12,183.493,3.0995
2,A6,5,5,183.284,3.09772
2,A3,5,13,182.534,3.12376
2,B1,5,22,181.779,3.10198
2,A6,5,3,181.591,3.0519
2,A2,5,23,181.36,3.14675
2,A2,5,21,181.002,3.05742
2,A4,5,25,180.863,3.12727
3,A3,5,23,179.891,3.03354
2,A4,5,15,178.509,3.70859
2,A5,5,9,178.226,3.08879
2,B3,5,7,177.436,2.97375
2,B3,5,14,176.958,3.11175
2,A2,5,3,176.769,2.99944
1,A4,5,2,175.996,2.94961
2,B3,5,18,175.915,2.97652
2,A6,5,10,175.426,2.96491
2,B1,5,14,175.257,3.07463
2,A4,5,8,175.192,2.99811
2,A6,5,9,175.156,2.96368
2,A4,5,4,174.621,2.94798
3,A5,5,6,174.292,2.94408
1,B1,5,6,174.134,2.93563
3,A4,5,23,174.044,2.93
2,B3,5,13,173.305,2.95906
1,B2,5,8,172.813,2.89465
3,A6,5,13,171.844,2.92911
2,B1,5,12,171.7,3.10858
1,B2,5,11,171.07,2.90026
1,B2,5,3,170.913,2.85884
3,A3,5,19,168.542,2.83101
3,A4,5,4,168.485,2.88333
1,B1,5,14,167.703,2.8472
3,A6,5,3,166.683,2.90722
1,B1,5,8,166.318,2.78586
2,B3,5,12,166.167,3.01569
1,A1,5,10,165.569,2.78263
1,B1,5,12,165.56,2.79658
2,A6,5,22,165.52,2.82775
3,A2,5,19,165.371,2.77775
2,A6,5,7,165.366,2.76837
2,A6,5,8,165.021,2.79693
2,B3,5,17,164.833,2.77961
2,A5,5,17,163.325,2.75108
2,A4,5,12,163.308,3.07157
2,A4,5,2,162.493,2.73247
3,A6,5,16,161.879,2.73748
2,A5,5,1,161.506,2.7098
1,B1,5,9,161.159,2.70171
3,B1,5,22,160.91,2.71956
2,A2,5,1,160.43,2.70081
2,A2,5,2,159.861,2.67621
2,B1,5,15,158.907,3.22541
2,B1,5,4,158.846,2.66814
2,A6,5,21,158.516,2.67458
3,A6,5,15,158.497,2.68331
2,A4,5,7,158.023,2.64543
3,A1,5,15,157.979,2.6806
2,A4,5,21,157.381,2.69177
1,B2,5,24,156.746,3.15697
2,A5,5,16,156.696,2.64537
1,B1,5,10,156.223,2.61238
2,A4,5,3,155.839,2.63981
2,A6,5,6,155.369,2.6112
2,B3,5,15,154.859,3.17331
1,B2,5,7,154.713,2.60237
1,B1,5,11,154.646,2.62182
2,B1,5,21,154.587,2.59953
2,A1,5,2,153.803,2.57479
2,B3,5,6,152.283,2.55935
3,A5,5,23,151.369,2.54827
1,A2,5,5,150.546,2.53797
1,B1,5,15,150.406,2.54347
2,A5,5,8,149.754,2.55841
2,A4,5,1,149.431,2.50439
2,A1,5,1,149.385,2.50922
3,B1,5,14,149.09,2.52405
2,A6,5,1,148.071,2.48161
2,A3,5,2,146.399,2.48552
1,B2,5,20,146.231,2.45901
2,B1,5,3,146.216,2.45463
2,B3,5,5,145.366,2.4527
2,B3,5,4,145.083,2.43424
2,A6,5,25,145.06,2.46697
3,A3,5,17,144.413,2.45319
2,A5,5,6,142.259,2.39088
1,B1,5,22,140.487,2.35056
2,A1,5,6,140.341,2.36129
1,A4,5,3,139.949,2.52612
2,B1,5,17,137.134,2.30216
2,A6,5,20,136.237,2.31167
3,A2,5,11,135.429,2.27227
2,B1,5,16,135.181,2.28215
2,A1,5,16,134.761,2.27506
2,A6,5,23,134.528,2.27112
3,B1,5,16,133.971,2.26554
2,A3,5,11,132.612,2.27982
1,A4,5,1,132.348,2.2268
2,A1,5,7,131.69,2.20459
3,A1,5,11,131.408,2.20728
2,A1,5,9,129.893,2.20031
1,A4,5,4,128.879,2.17087
2,A6,5,24,128.092,2.15398
2,A1,5,10,128.045,2.15924
1,B1,5,24,127.43,2.56652
1,B2,5,6,127.016,2.1413
1,B1,5,23,126.918,2.13305
2,B1,5,11,126.617,2.15331
3,A3,5,5,126.507,2.13691
2,A1,5,17,126.298,2.12025
3,A5,5,5,125.65,2.12483
2,A6,5,17,125.563,2.11739
3,A2,5,24,124.041,2.20579
3,A6,5,11,123.582,2.0735
3,A6,5,4,123.53,2.114
1,A1,5,12,122.938,2.0708
2,A6,5,15,122.716,2.55478
2,A6,5,19,120.919,2.05408
3,A4,5,6,119.529,2.01225
2,B3,5,16,118.657,2.00771
1,A4,5,12,118.433,1.99491
3,A5,5,3,116.901,2.03893
2,A6,5,16,116.757,1.97333
3,A5,5,19,116.664,1.95962
3,A6,5,18,116.437,1.9847
1,A4,5,22,116.087,2.02005
3,A5,5,4,115.371,1.97438
3,A6,5,17,115.257,1.95459
2,B2,5,5,114.731,1.93256
2,B1,5,2,114.293,1.91124
1,A4,5,11,113.917,2.42202
1,A1,5,9,113.806,1.90733
3,A3,5,4,112.895,1.932
3,A3,5,25,112.792,1.90309
2,B2,5,12,112.238,2.01381
2,A2,5,10,111.363,1.88005
1,B2,5,4,110.12,1.84608
2,A6,5,18,109.607,1.86298
2,B2,5,9,109.421,1.85143
1,A4,5,10,109.044,1.83264
2,B2,5,22,108.764,1.84761
2,A5,5,7,107.78,1.80432
2,B3,5,3,107.704,1.8081
1,A4,5,21,107.512,1.81503
3,A4,5,18,107.242,1.82796
3,B1,5,18,107.081,1.82522
3,B1,5,19,107.046,1.79806
3,A4,5,19,106.992,1.79716
1,A4,5,20,106.827,1.78937
3,A5,5,25,106.546,1.79771
2,B1,5,1,106.289,1.78135
1,A4,5,14,106.009,1.78565
3,A6,5,5,105.795,1.78706
1,A2,5,21,105.785,1.77788
3,A4,5,20,105.187,1.76289
1,B1,5,1,104.699,1.84164
1,A4,5,25,104.676,1.77514
1,A4,5,9,104.564,1.75244
1,A4,5,8,103.847,1.74432
3,A4,5,10,103.71,1.74888
1,A4,5,23,103.567,1.74059
1,A4,5,19,103.064,1.73311
2,A3,5,1,101.584,1.71689
3,A3,5,8,100.445,1.70532
3,B1,5,17,99.4232,1.68607
2,A1,5,8,98.8625,1.68609
3,A6,5,8,98.7568,1.67666
3,A5,5,24,98.4652,1.75099
1,B2,5,23,98.1184,1.6481
3,A3,5,9,97.7491,1.7549
3,A5,5,12,97.3858,1.63214
1,A4,5,7,97.2659,1.6347
2,A1,5,18,97.0552,1.63482
3,A6,5,14,96.526,1.63417
3,A3,5,22,96.4129,1.62949
3,A6,5,9,96.284,1.72859
3,A2,5,18,96.2683,1.64091
1,A4,5,13,96.2526,1.61225
3,A6,5,1,96.2516,1.63044
2,A2,5,17,96.091,1.61315
3,A5,5,1,93.5453,1.5846
3,A6,5,7,93.4638,1.57698
3,A5,5,7,93.2273,1.57299
3,A5,5,2,92.8538,1.59085
3,A4,5,17,92.846,1.57453
3,A4,5,7,91.3025,1.54052
3,A3,5,15,91.2682,1.54515
3,A6,5,21,90.9347,2.00588
1,A4,5,18,90.0288,1.59153
1,B1,5,2,89.3123,1.49558
1,A4,5,24,88.8793,1.49291
3,B1,5,8,88.3091,1.49928
3,A6,5,19,88.0353,1.47874
1,A4,5,15,88.0311,1.47454
1,A2,5,18,87.8706,1.47887
3,A6,5,10,87.8064,1.4807
3,A2,5,25,87.1279,1.47008
1,B1,5,3,86.4757,1.44646
1,A1,5,25,85.9891,1.45825
1,A2,5,20,85.7377,1.44176
3,A6,5,6,85.5142,1.43961
3,A1,5,10,85.0667,1.43449
2,B2,5,10,84.3877,1.42305
3,A1,5,16,84.1509,1.436
3,A3,5,12,83.8086,1.40459
3,B1,5,20,83.4426,1.39846
1,A1,5,24,83.2409,1.3982
1,B1,5,4,82.8669,1.3892
1,A4,5,6,82.3392,1.38694
1,B2,5,1,82.176,1.44547
2,B2,5,21,81.5561,1.3699
1,A2,5,17,81.3366,1.37896
2,B2,5,11,80.624,1.37114
1,A2,5,22,79.7849,1.33492
2,A1,5,24,79.3761,1.33179
3,A6,5,20,79.1014,1.3257
3,A3,5,10,78.9401,1.33118
1,A1,5,8,78.6774,1.32155
3,A5,5,18,78.5763,1.33935
2,B2,5,14,77.787,1.36787
2,A1,5,23,76.9126,1.29263
2,B2,5,19,76.8305,1.28981
2,A1,5,19,76.3064,1.28101
3,A1,5,8,76.3004,1.2954
3,A1,5,9,76.1744,1.36757
1,A2,5,13,75.9032,1.28903
2,B1,5,18,75.5621,1.27279
3,B1,5,9,75.0227,1.34689
2,A3,5,7,75.0073,1.25568
2,B2,5,18,74.2684,1.251
3,A1,5,7,74.0599,1.24959
2,A1,5,25,73.8999,1.25394
3,B1,5,10,73.8395,1.24517
3,A5,5,10,73.8374,1.24513
2,A1,5,20,73.2417,1.22887
1,A4,5,16,72.9014,1.22179
1,A2,5,14,72.6681,1.23374
2,B2,5,20,72.2506,1.2136
3,A2,5,12,72.2321,1.21058
2,B2,5,4,72.1989,1.21138
1,A4,5,17,71.5695,1.21508
1,A1,5,21,71.5188,1.20739
3,A4,5,22,71.3331,1.20562
3,A3,5,21,71.1944,1.57044
2,A1,5,22,70.6194,1.19828
3,A5,5,13,68.8056,1.16882
3,A3,5,11,68.73,1.15317
1,A2,5,15,68.5108,1.15857
1,B1,5,5,68.4237,1.15351
3,A6,5,24,68.127,1.21149
1,A1,5,19,67.8187,1.14043
3,A4,5,8,67.6626,1.14875
2,A1,5,21,67.6518,1.13508
2,A3,5,6,67.6143,1.13636
1,A1,5,20,67.5315,1.13117
2,A2,5,7,65.8172,1.10183
3,A5,5,16,65.7518,1.11191
1,A2,5,19,65.7319,1.19438
2,B2,5,16,64.9729,1.09688
3,B1,5,12,64.0463,1.07339
1,A1,5,23,63.5966,1.06884
2,B1,5,20,62.7834,1.05458
1,B2,5,22,62.442,1.04475
2,A2,5,9,62.0887,1.05055
2,B1,5,9,61.755,1.04491
1,A1,5,22,61.5695,1.07138
1,B2,5,21,61.3743,1.03149
3,A5,5,8,60.7469,1.03134
3,A5,5,14,60.3286,1.02135
1,A2,5,16,60.2232,1.07444
3,A1,5,18,59.491,1.01404
1,A2,5,12,56.5814,0.955753
1,A1,5,18,56.4169,0.997337
3,A4,5,9,56.3124,1.01098
2,B2,5,1,56.0205,0.938878
1,A1,5,15,54.4955,0.91281
1,A1,5,13,54.4665,0.912325
3,A2,5,13,54.3969,0.924057
2,B2,5,13,54.2485,0.921014
2,B2,5,17,53.7635,0.903576
2,B2,5,6,52.4383,0.881303
2,A2,5,8,51.819,0.879268
3,A5,5,9,51.3737,0.922315
2,B2,5,8,50.9967,0.86434
3,A6,5,2,50.9552,0.873006
2,B2,5,15,50.8994,1.03313
2,B1,5,6,50.8903,0.856246
3,A5,5,17,50.809,0.861645
1,A2,5,23,49.6477,0.833936
1,A1,5,16,49.4572,0.828879
1,A2,5,25,48.4017,0.818967
2,B1,5,10,47.5163,0.801276
2,A3,5,9,47.2772,0.799942
3,A1,5,19,47.0657,0.790566
1,A1,5,1,46.9602,0.790122
3,A2,5,17,46.916,0.795623
2,A3,5,19,46.9128,0.79021
3,A2,5,10,46.8241,0.789602
3,A3,5,24,46.735,0.831079
2,A3,5,16,46.7152,0.788653
3,A5,5,15,46.641,0.789623
1,A1,5,17,46.0476,0.781782
1,A3,5,21,45.5316,0.769105
3,B1,5,6,44.0938,0.742308
1,A1,5,14,43.4751,0.732304
2,A3,5,8,43.1068,0.730613
1,A2,5,24,41.3896,0.833615
1,A3,5,20,40.1428,0.6724
2,B1,5,8,39.43,0.668297
2,A3,5,17,38.9716,0.654243
3,A2,5,14,38.8618,0.657922
1,A1,5,7,38.4799,0.646712
3,A1,5,17,38.316,0.649782
3,B1,5,7,38.092,0.642713
2,A3,5,12,38.0428,0.682577
2,A2,5,16,37.1696,0.62821
2,A2,5,6,37.0606,0.622857
1,A3,5,19,36.1729,0.608963
1,A3,5,22,34.9838,0.608759
2,B2,5,7,34.8316,0.583112
1,A3,5,24,33.1749,0.557241
2,A3,5,10,31.3165,0.528095
1,A3,5,25,31.1082,0.527548
2,A3,5,18,31.0109,0.522354
2,A3,5,20,30.7871,0.517714
1,A3,5,23,30.4309,0.511437
3,A2,5,15,28.1107,0.475909
2,B1,5,7,27.9659,0.468172
1,A3,5,12,27.721,0.466939
1,A3,5,10,27.6065,0.463968
2,B2,5,3,27.5269,0.462112
2,B2,5,2,27.5109,0.460042
2,B1,5,19,27.1733,0.456176
1,A1,5,3,26.4015,0.476555
1,A3,5,17,24.4188,0.414574
1,A3,5,13,24.1987,0.405332
1,A3,5,11,23.9925,0.510833
1,A1,5,2,23.8578,0.399846
1,A3,5,9,23.8177,0.39962
1,A3,5,14,21.9786,0.370213
3,A2,5,9,21.8801,0.392815
1,A3,5,18,21.6803,0.383265
2,B3,5,2,21.1592,0.353829
1,A3,5,16,19.7994,0.331829
1,A3,5,7,18.6593,0.313598
1,A3,5,15,18.0458,0.302271
2,B3,5,1,17.5011,0.29331
1,A3,5,8,17.421,0.292621
1,A1,5,5,16.3006,0.273648
1,A1,5,4,16.2104,0.273052
3,A2,5,16,15.8095,0.267349
1,A3,5,3,11.4575,0.206812
1,A3,5,1,11.4511,0.192669
3,A2,5,8,11.3047,0.191927
1,A1,5,6,10.0269,0.168895
1,A3,5,4,9.55261,0.160906
1,A3,5,2,8.25113,0.138285
1,A3,5,5,7.11073,0.119372
3,A3,5,1,6.6039,0.111866
3,A3,5,2,6.13574,0.105123
1,A3,5,6,5.86118,0.0987266
3,A3,5,3,4.98073,0.086872
3,B1,5,4,3.9146,0.0669915
3,B1,5,3,3.38213,0.0589898
3,A1,5,12,2.60952,0.0437343
3,B1,5,1,2.58781,0.0438358
3,A2,5,7,1.38482,0.0233656
3,B1,5,2,1.27414,0.0218296
3,B1,5,5,0.847878,0.0143221
3,A2,5,2,0.540898,0.00926706
3,A2,5,5,0.466383,0.00787793
3,A2,5,6,0.466383,0.00785141
3,A2,5,1,0,0
3,A2,5,3,0,0
3,A2,5,4,0,0
1,B6,6,14,625.353,10.6171
1,B5,6,14,441.851,7.50161
1,B5,6,23,410.223,6.89055
1,B5,6,25,403.436,6.82623
1,B5,6,4,401.434,6.72972
1,B5,6,15,359.979,6.0875
1,B5,6,24,357.907,7.20849
1,B5,6,3,354.436,5.9286
1,B5,6,5,347.298,5.85489
1,B6,6,15,319.733,5.40691
1,B6,6,2,300.449,5.03117
1,B5,6,22,298.232,4.98987
1,B6,6,13,284.256,4.82737
1,B6,6,6,273.577,4.61208
1,B5,6,2,232.855,3.90363
1,B6,6,11,214.835,3.64225
1,B6,6,3,201.118,3.36407
1,B5,6,21,195.247,3.28141
1,B4,6,21,194.365,3.28499
1,B6,6,4,193.94,3.25125
3,B2,6,25,185.983,3.13803
3,B2,6,23,185.579,3.12418
1,B4,6,23,184.429,3.0996
3,B2,6,12,180.336,3.02235
3,B2,6,10,179.972,3.0349
1,B5,6,16,179.881,3.20925
1,B6,6,5,179.17,3.02052
3,B2,6,24,177.385,3.1544
3,B3,6,3,177.23,3.09117
3,B2,6,17,176.872,2.99949
1,B4,6,20,174.458,2.9222
3,B2,6,11,174.076,2.9207
1,B4,6,22,172.172,2.99599
3,B2,6,18,171.897,2.93002
3,B3,6,18,171.479,2.9229
3,B2,6,19,171.469,2.88018
3,B2,6,20,168.437,2.82293
3,B2,6,22,167.878,2.83734
1,B5,6,18,165.853,2.79132
1,B5,6,17,164.935,2.79625
1,B6,6,10,164.846,2.75659
3,B3,6,5,164.368,2.77958
1,B6,6,8,162.111,2.71539
3,B2,6,9,159.878,2.87029
1,B5,6,20,159.216,2.67736
1,B6,6,7,157.849,2.65512
1,B4,6,17,157.829,2.67956
1,B4,6,24,157.727,2.64935
3,B2,6,13,156.908,2.66544
1,B4,6,10,155.615,2.61534
1,B5,6,19,155.339,2.82259
1,B6,6,9,153.428,2.5721
3,B3,6,1,150.599,2.55105
1,B4,6,19,150.404,2.52918
3,B3,6,9,149.53,2.68452
1,B4,6,18,146.194,2.58442
1,B4,6,11,145.814,3.10019
1,B4,6,12,145.667,2.45365
1,B4,6,13,141.121,2.3638
3,B3,6,7,140.073,2.3634
1,B6,6,1,139.872,2.46033
3,B2,6,14,137.35,2.3253
1,B4,6,25,132.513,2.24722
3,B3,6,8,131.803,2.23771
3,B3,6,2,131.368,2.25071
1,B4,6,9,130.145,2.18117
3,B3,6,11,129.447,2.17189
3,B3,6,19,129.363,2.17292
1,B4,6,14,127.541,2.14834
1,B3,6,11,123.657,2.6291
3,B2,6,21,122.935,2.71176
3,B3,6,10,121.909,2.05577
3,B2,6,15,121.902,2.06378
1,B4,6,15,119.74,2.00566
3,B2,6,16,119.165,2.01517
3,B3,6,21,116.045,2.55978
1,B6,6,12,111.366,1.88116
3,B2,6,8,111.347,1.89042
3,B3,6,4,110.999,1.89955
1,B4,6,8,107.348,1.80313
1,B3,6,10,102.228,1.7181
1,B5,6,10,102.205,1.70908
1,B4,6,7,101.577,1.70715
3,B3,6,12,100.754,1.6886
1,B5,6,13,99.4572,1.68903
1,B4,6,16,97.6461,1.6365
1,B5,6,11,95.6844,1.62221
3,B3,6,20,95.6446,1.60296
3,B3,6,13,95.0189,1.61412
1,B5,6,9,94.2033,1.57924
3,B3,6,6,93.8821,1.58048
3,B3,6,15,92.666,1.56881
1,B5,6,12,91.0744,1.53926
1,B5,6,8,83.0936,1.39183
3,B3,6,17,77.7607,1.3187
3,B2,6,7,77.5891,1.30913
1,B4,6,2,72.4075,1.21352
1,B4,6,1,71.9777,1.21105
3,B3,6,16,70.3094,1.18898
1,B4,6,5,69.5575,1.16771
1,B6,6,16,69.0491,1.2319
1,B4,6,4,68.957,1.16153
1,B3,6,9,65.4306,1.09659
1,B5,6,7,57.2572,0.9631
1,B5,6,6,56.9465,0.960031
1,B6,6,21,56.0544,0.942076
3,B3,6,14,54.2836,0.919008
1,B4,6,6,53.7215,0.904897
1,B4,6,3,53.1589,0.959535
3,B2,6,6,52.5883,0.885313
1,B6,6,25,52.1502,0.882392
3,B3,6,25,51.5375,0.869573
1,B6,6,22,46.5065,0.778124
3,B3,6,22,42.8241,0.723776
1,B6,6,19,42.3401,0.769341
1,B6,6,20,41.435,0.696766
1,B6,6,23,36.2112,0.608242
3,B3,6,23,34.6767,0.583775
1,B3,6,8,34.2655,0.575561
3,B3,6,24,31.7831,0.565192
1,B6,6,18,26.9353,0.453323
1,B6,6,17,26.6053,0.45106
1,B6,6,24,25.1838,0.507221
1,B3,6,24,21.4963,0.361075
1,B3,6,1,21.0788,0.354658
1,B3,6,23,20.2782,0.340805
1,B3,6,2,17.5486,0.294108
1,B3,6,22,14.5137,0.252555
1,B3,6,20,11.9965,0.200944
1,B3,6,21,9.97276,0.168361
1,B3,6,25,9.72098,0.164854
3,B2,6,1,9.25659,0.156801
1,B3,6,3,9.04169,0.163205
1,B3,6,15,7.75662,0.129925
1,B3,6,5,7.74293,0.129986
1,B3,6,14,7.62963,0.128515
1,B3,6,7,7.26636,0.122122
3,B2,6,4,7.04766,0.120609
3,B2,6,5,5.96782,0.100806
3,B2,6,2,5.09366,0.0872687
1,B3,6,4,5.09156,0.0857634
3,B2,6,3,4.94873,0.086314
1,B3,6,17,4.68529,0.0795454
1,B3,6,16,4.52325,0.0758078
1,B3,6,12,3.59216,0.0605072
1,B3,6,18,3.36684,0.0595191
1,B3,6,6,2.89518,0.0487672
1,B3,6,13,1.51183,0.0253236
1,B3,6,19,1.3067,0.0219732
1,B5,6,1,0,0
3,A4,7,3,630.196,10.8094
3,A4,7,2,591.972,10.0163
3,A4,7,1,582.094,10.4316
3,A4,7,5,578.494,10.1193
3,A4,7,24,540.097,9.06698
3,A4,7,4,537.725,9.3679
3,A4,7,14,510.938,8.70904
3,A4,7,13,499.47,8.50392
3,A4,7,15,490.158,8.47523
3,A4,7,12,454.008,7.68192
3,A6,7,23,428.713,7.30336
3,A3,7,10,425.47,7.17075
3,A3,7,1,418.125,8.74117
3,A4,7,25,399.425,6.73935
3,A6,7,1,399.237,7.64812
3,C2,7,12,399.01,6.74373
3,C2,7,16,382.941,6.80977
3,C3,7,12,381.181,6.4424
3,C4,7,6,376.789,6.46653
3,C3,7,10,375.659,7.79905
3,A3,7,12,374.477,6.36497
3,A3,7,9,373.768,6.30645
3,C4,7,5,370.829,6.33887
3,C4,7,15,367.585,6.26912
3,C2,7,6,355.332,5.99202
3,C3,7,24,352.711,5.90797
3,C3,7,11,348.086,5.87313
3,A6,7,3,345.264,6.25092
3,A6,7,24,341.803,5.85939
3,C4,7,13,337.765,5.67347
3,A6,7,2,337.302,6.18894
3,C4,7,4,336.415,5.79685
3,C3,7,14,335.73,5.65512
3,A6,7,12,334.461,5.68481
3,A6,7,13,331.378,5.77306
3,A3,7,11,326.543,5.6042
3,A6,7,5,325.685,5.74392
3,C3,7,13,322.973,5.42499
3,C2,7,13,322.903,5.42383
3,C2,7,11,317.786,5.36189
3,A3,7,8,313.398,5.26123
3,C4,7,14,312.996,5.26627
3,C2,7,14,305.071,5.13292
3,C3,7,15,302.035,5.15118
3,C4,7,12,301.685,5.09884
3,C2,7,25,299.398,5.01778
3,A6,7,4,295.988,5.25726
3,C2,7,24,292.868,4.90559
3,C4,7,3,292.513,4.98594
3,C2,7,15,286.179,4.88631
3,A3,7,2,285.732,7.67398
3,A4,7,23,282.111,4.74927
3,A6,7,15,281.858,4.84841
3,A3,7,6,281.295,4.76496
3,C3,7,23,280.966,4.75938
3,C3,7,25,279.745,4.68839
3,C2,7,23,276.685,4.65272
3,C3,7,22,276.398,4.98008
3,C3,7,5,270.404,4.62223
3,C4,7,2,266.897,4.51086
3,C3,7,3,264.983,4.51669
3,C3,7,4,264.25,4.55597
3,C2,7,4,257.101,4.43017
3,C3,7,21,255.992,4.31683
3,C3,7,2,252.983,4.27571
3,C2,7,22,251.595,4.52231
3,C3,7,7,249.079,4.52863
3,C2,7,1,248.315,4.42886
3,A6,7,14,244.56,4.23353
3,C4,7,16,244.046,4.45876
3,A3,7,5,243.806,4.22047
3,C2,7,3,243.371,4.14832
3,A3,7,15,237.833,4.07243
3,C2,7,5,237.205,4.05473
3,C2,7,21,237.161,4.0038
3,A3,7,4,233.439,4.02706
3,C4,7,25,232.051,3.88907
3,A3,7,7,227.969,4.14484
3,A3,7,13,225.924,3.80979
3,C4,7,23,225.798,3.80554
3,C4,7,24,224.182,3.75509
3,C4,7,22,219.307,3.94194
3,A3,7,25,216.26,3.64273
3,C2,7,2,215.371,3.64414
3,A6,7,11,213.087,4.45783
3,C4,7,11,212.794,3.5904
3,A3,7,3,212.016,3.61797
3,A3,7,22,198.338,3.56932
3,C4,7,21,196.827,3.31912
3,A6,7,25,188.059,3.19824
3,A1,7,3,184.891,3.15151
3,A1,7,12,173.501,2.93236
3,A3,7,21,172.004,2.90053
3,C3,7,6,171.005,2.87399
3,A4,7,22,165.881,2.98164
3,A1,7,24,165,2.76378
3,A3,7,24,164.299,2.7582
3,A1,7,11,163.168,2.75308
3,C3,7,1,161.348,2.87774
3,C4,7,1,161.32,2.87724
3,A4,7,16,161.239,2.86387
3,C2,7,9,159.387,2.68928
3,A1,7,13,155.835,2.61757
3,C2,7,19,155.414,4.01582
3,A1,7,2,153.374,2.59221
3,A1,7,23,152.398,2.56271
3,C4,7,17,150.917,2.59749
3,A1,7,22,149.503,2.68725
3,A1,7,10,144.168,2.42976
3,A3,7,18,143.627,2.44677
3,C2,7,17,143.177,2.46429
3,A1,7,4,142.556,2.45642
3,A1,7,25,141.676,2.37443
3,A3,7,20,141.268,2.58571
3,A6,7,8,141.115,264.587
3,A1,7,1,140.122,2.49917
3,C3,7,16,140.046,2.48747
3,A3,7,17,138.261,2.37968
3,A1,7,5,132.832,2.27061
3,A1,7,8,130.153,2.18497
3,A1,7,9,128.248,2.16388
3,A1,7,15,126.663,2.16023
3,A4,7,11,125.173,2.11199
3,A6,7,9,119.154,238.304
3,A6,7,10,115.906,217.321
3,A1,7,14,115.116,1.93687
3,A3,7,23,114.673,1.92833
3,A1,7,21,114.166,1.92519
3,A3,7,16,107.588,1.91095
3,A3,7,19,105.076,2.7151
3,C4,7,9,102.067,1.72213
3,A3,7,14,101.824,1.71322
3,A4,7,6,92.0341,1.54677
3,A6,7,16,91.8755,1.64551
3,C4,7,10,88.7726,1.49615
3,A1,7,7,86.0173,1.56393
3,A1,7,16,81.4845,1.44731
3,A4,7,9,79.1649,1.33572
3,C4,7,7,78.5825,1.42875
3,A1,7,20,75.8831,1.38893
3,A1,7,17,75.5173,1.29976
3,A1,7,6,74.4596,1.25141
3,A4,7,21,72.626,1.22608
3,A4,7,8,72.2925,1.21362
3,A4,7,10,70.4445,1.18725
3,A4,7,17,69.0215,1.18796
3,A4,7,18,67.8004,1.15502
3,C2,7,10,66.5236,1.12117
3,A4,7,7,65.2621,1.18657
3,A4,7,20,64.1218,1.17366
3,A1,7,18,63.9316,1.08911
3,C2,7,8,62.2472,1.04499
3,A6,7,22,59.7478,1.07394
3,C4,7,18,56.9931,0.970909
3,C3,7,9,56.4112,282.05
3,C3,7,17,55.6325,0.957517
3,C2,7,20,46.4291,0.84982
3,A6,7,6,46.1793,14.4308
3,A6,7,17,44.6227,0.768021
3,C3,7,18,43.5776,0.742369
3,C2,7,7,42.7319,0.776932
3,A1,7,19,37.5815,0.971085
3,A6,7,18,37.0275,0.630783
3,A6,7,7,36.9259,184.626
3,C2,7,18,36.8444,0.627664
3,A6,7,21,35.907,0.606871
3,A4,7,19,33.7003,0.870795
3,C3,7,20,32.6112,0.596903
3,C4,7,8,29.3886,0.493365
3,C3,7,19,27.4204,0.708529
3,A6,7,20,22.4299,0.410548
3,A6,7,19,18.439,0.476452
3,C4,7,20,8.18269,0.149773
3,C4,7,19,6.46613,0.167081
3,B3,8,6,417.487,7.21038
3,B3,8,3,271.211,4.62286
3,B3,8,16,264.708,4.7867
2,B2,8,21,250.612,4.33579
2,B2,8,23,243.016,4.09112
2,B2,8,22,241.216,4.12799
2,B2,8,11,236.362,3.97688
3,B3,8,4,235.882,4.1455
2,B2,8,8,235.052,3.94819
3,B3,8,5,230.582,3.98236
3,B3,8,14,226.532,3.81147
2,B2,8,12,224.551,3.77603
2,B2,8,9,224.34,3.78522
3,B3,8,2,223.535,3.83857
2,B2,8,14,222.509,3.76278
2,B2,8,10,219.577,3.71111
2,B2,8,24,205.188,3.4485
3,B3,8,25,204.786,3.43212
3,B3,8,15,200.167,3.41383
2,B2,8,13,197.858,3.4895
3,B3,8,23,195.965,3.29902
2,B2,8,7,193.533,3.24716
3,B3,8,13,192.587,3.23491
2,B2,8,25,191.077,3.21134
2,B2,8,6,185.378,3.14729
3,B3,8,24,183.901,3.08038
2,B2,8,15,172.061,2.8966
2,B3,8,25,164.573,2.76589
2,B2,8,19,164.082,2.75456
2,B2,8,20,162.408,2.74334
3,B3,8,22,160.389,2.88639
3,B3,8,12,155.746,2.63823
3,B3,8,17,141.424,2.4369
2,B2,8,18,133.227,2.25169
3,B3,8,1,124.681,2.27654
3,B3,8,21,117.934,1.99773
2,B3,8,24,116.164,1.95231
2,B3,8,23,113.39,1.90889
2,B3,8,15,110.935,1.86757
2,B2,8,17,108.802,1.83167
3,B3,8,18,107.1,1.8245
3,B3,8,20,90.7732,1.66147
2,B3,8,14,85.4547,1.4451
3,B3,8,19,77.6977,2.00766
3,B3,8,11,57.0226,0.964835
2,B3,8,17,55.3343,0.931542
2,B3,8,10,53.4485,0.903341
2,B3,8,16,51.7937,0.875867
2,B2,8,16,51.1525,0.865025
3,B3,8,10,51.0055,0.859632
2,B3,8,8,48.3074,0.811423
2,B3,8,22,48.0334,0.82201
2,B3,8,9,47.8284,0.806993
2,B3,8,7,46.4776,0.779815
3,B3,8,7,44.5214,0.809469
2,B3,8,11,43.4783,0.731537
3,B3,8,9,41.9048,0.707046
2,B3,8,19,37.6009,0.631233
2,B3,8,18,35.11,0.5934
2,B3,8,12,33.7231,0.567085
2,B3,8,20,32.7804,0.553714
2,B3,8,2,31.2812,0.530783
2,B3,8,21,28.3574,0.490603
2,B3,8,6,24.6898,0.419175
3,B3,8,8,24.4264,0.410062
2,B3,8,13,18.6658,0.329198
2,B3,8,1,17.7492,0.493026
2,B3,8,3,14.7562,0.248277
2,B2,8,2,7.59932,0.128946
2,B3,8,4,6.35234,0.115917
2,B2,8,1,5.74782,0.159659
2,B3,8,5,5.3303,0.091115
2,B2,8,4,3.90417,0.0712431
2,B2,8,3,1.55566,0.0261744
2,B2,8,5,0.77783,0.0132962
