Trail,Dose,Well,Minute,MD,MV,TD
1,1,A1,1,0.182694641,5.480765267,301.446157
1,1,A1,2,0.156651645,4.699484052,253.619013
1,1,A1,3,0.158890464,4.76664959,282.983916
1,1,A1,4,0.23667956,7.100287018,422.236335
1,1,A1,5,0.203893619,6.116720198,361.299492
1,1,A1,6,0.158600861,4.757960945,280.406322
1,1,A1,7,0.12400587,3.720125658,221.598489
1,1,A1,8,0.134702655,4.041022996,240.578941
1,1,A1,9,0.151402096,4.541999014,267.073298
1,1,A1,10,0.15418223,4.625403364,265.810165
1,1,A1,11,0.152328009,4.569778353,270.07756
1,1,A1,12,0.161250629,4.837449807,284.123609
1,1,A1,13,0.168804663,5.064071053,301.485129
1,1,A1,14,0.194849068,5.84539233,326.956736
1,1,A1,15,0.207014717,6.210356063,367.037094
1,1,A1,16,0.023099389,0.692970861,41.070714
1,1,A1,17,0.017619227,0.528568651,31.467939
1,1,A1,18,0.044280496,1.328395437,79.084966
1,1,A1,19,0.08171015,2.451269401,145.852618
1,1,A1,20,0.087752112,2.6325295,156.111007
1,1,A1,21,0.128571464,3.857093038,228.985777
1,1,A1,22,0.197816705,5.934417431,351.915918
1,1,A1,23,0.17120714,5.136143142,303.55026
1,1,A1,24,0.225677201,6.770224278,401.479741
1,1,A1,25,0.190607779,5.718153756,337.947592
1,1,A1,26,0.202183962,6.065444231,5.256783
,,,,,,
1,1,A2,1,0.313050041,9.391360593,475.209962
1,1,A2,2,0.304777685,9.143200298,480.939187
1,1,A2,3,0.313034997,9.390922186,555.637119
1,1,A2,4,0.187005996,5.610100982,333.244684
1,1,A2,5,0.074902972,2.247057249,133.402194
1,1,A2,6,0.084476186,2.534248433,149.353897
1,1,A2,7,0.085232657,2.556945937,152.310758
1,1,A2,8,0.095748977,2.872429866,171.390668
1,1,A2,9,0.093310328,2.799270451,165.532522
1,1,A2,10,0.112476337,3.374243621,194.471587
1,1,A2,11,0.178821398,5.364570338,317.586802
1,1,A2,12,0.27936728,8.380901553,491.127678
1,1,A2,13,0.2318027,6.95398126,413.999623
1,1,A2,14,1.252192177,37.56519823,1011.771279
1,1,A2,15,0.059672654,1.790155358,105.799615
1,1,A2,16,0.069367158,2.080987058,123.334807
1,1,A2,17,0.085605398,2.568126181,152.891241
1,1,A2,18,0.088425837,2.652743768,157.928544
1,1,A2,19,0.114899831,3.446946015,204.4068
1,1,A2,20,0.117973571,3.539159075,210.346877
1,1,A2,21,0.150032186,4.500903048,266.30713
1,1,A2,22,0.150236266,4.507022712,267.57079
1,1,A2,23,0.251864671,7.555836706,446.556062
1,1,A2,24,0.358028301,10.74069857,632.994036
1,1,A2,25,0.065246176,1.957357724,115.811963
1,1,A2,26,0.070259769,2.107761154,1.826754
,,,,,,
1,1,A3,1,0.009577996,0.287336006,15.803694
1,1,A3,2,0.005322681,0.159678308,8.61742
1,1,A3,3,0.007316598,0.219494621,13.030861
1,1,A3,4,0.002998283,0.089947405,5.348936
1,1,A3,5,0.009052225,0.271563403,16.122013
1,1,A3,6,0.003898265,0.116946346,6.892133
1,1,A3,7,0.011762455,0.352867683,21.019507
1,1,A3,8,0.017126506,0.513788682,30.656445
1,1,A3,9,0.03860552,1.158149115,68.486193
1,1,A3,10,0.082767539,2.482990404,143.27061
1,1,A3,11,0.148059155,4.441710988,263.841415
1,1,A3,12,0.082456243,2.473652213,145.287901
1,1,A3,13,0.077561935,2.326826409,138.680739
1,1,A3,14,0.004387571,0.131625702,7.37112
1,1,A3,15,0.0029148,0.087442775,5.16794
1,1,A3,16,0.001902093,0.057061991,3.381921
1,1,A3,17,0.006483198,0.194493348,11.578992
1,1,A3,18,0.014299844,0.428989289,25.539522
1,1,A3,19,0.017313338,0.519392549,30.904308
1,1,A3,20,0.033129918,0.993883803,59.070643
1,1,A3,21,0.058184428,1.745509506,103.626466
1,1,A3,22,0.049570177,1.48708479,88.383625
1,1,A3,23,0.015271589,0.458141277,27.137614
1,1,A3,24,0.039141454,1.174227173,69.632647
1,1,A3,25,0.034767567,1.04301169,61.712432
1,1,A3,26,0.053673808,1.610182692,1.395519
1,1,A4,Not Used ,,,
1,1,A5,1,0.135963667,4.078853994,224.34005
1,1,A5,2,0.109136928,3.2740626,176.692686
1,1,A5,3,0.109619095,3.288527153,195.231609
1,1,A5,4,0.12151325,3.645345701,216.779638
1,1,A5,5,0.146693706,4.400749933,261.26149
1,1,A5,6,0.066747797,2.002404021,118.010105
1,1,A5,7,0.088183811,2.645476465,157.408103
1,1,A5,8,0.113847819,3.415385747,202.649118
1,1,A5,9,0.134623632,4.038652832,237.20684
1,1,A5,10,0.155731256,4.671869394,267.390566
1,1,A5,11,0.145758866,4.372705893,257.993192
1,1,A5,12,0.116215491,3.486415148,204.771695
1,1,A5,13,0.138208431,4.14619571,247.116675
1,1,A5,14,0.077387477,2.321592634,129.856187
1,1,A5,15,0.091484548,2.74449775,162.202104
1,1,A5,16,0.098236598,2.94705401,174.664671
1,1,A5,17,0.093303921,2.799079894,166.640803
1,1,A5,18,0.119837747,3.595085712,213.790541
1,1,A5,19,0.095326127,2.859744046,169.394527
1,1,A5,20,0.106851094,3.205489887,189.019585
1,1,A5,21,0.180309304,5.409214385,319.508087
1,1,A5,22,0.105726501,3.17174802,188.510352
1,1,A5,23,0.082512884,2.475351138,146.460369
1,1,A5,24,0.080208411,2.406218763,142.690764
1,1,A5,25,0.064594419,1.937805606,114.655094
1,1,A5,26,0.016303808,0.489111154,0.423899
,,,,,,
1,1,A6,1,0.261213462,7.836298667,431.002212
1,1,A6,2,0.264703732,7.941004923,428.025934
1,1,A6,3,0.262064298,7.861817215,466.736514
1,1,A6,4,0.239449237,7.183371462,425.740744
1,1,A6,5,0.244067004,7.321906906,434.683334
1,1,A6,6,0.082426409,2.472757336,145.729891
1,1,A6,7,0.094124659,2.823699832,168.012517
1,1,A6,8,0.084148223,2.524409402,150.62532
1,1,A6,9,0.087199576,2.615948211,154.517648
1,1,A6,10,0.079777027,2.393278974,137.615372
1,1,A6,11,0.092782028,2.78342239,164.966445
1,1,A6,12,0.103859562,3.115743954,181.754234
1,1,A6,13,0.108573934,3.25717266,193.913047
1,1,A6,14,0.120011112,3.60028077,201.138624
1,1,A6,15,0.172069089,5.161996983,304.562287
1,1,A6,16,0.067986137,2.039562047,120.879352
1,1,A6,17,0.052726571,1.58177612,94.169656
1,1,A6,18,0.046759438,1.402764793,83.512357
1,1,A6,19,0.049387728,1.481612218,88.157095
1,1,A6,20,0.064475016,1.934223393,114.958954
1,1,A6,21,0.140529869,4.215833453,250.283697
1,1,A6,22,0.08002584,2.400740303,142.686073
1,1,A6,23,0.059969066,1.799047102,106.56503
1,1,A6,24,0.036110974,1.083313373,64.241423
1,1,A6,25,0.002429841,0.072894107,4.312967
1,1,A6,26,0,0,0
,,,,,,
1,2,B4,1,0.162414606,4.872371103,267.9841
1,2,B4,2,0.194238014,5.827054929,314.082869
1,2,B4,3,0.176247777,5.28736032,313.89729
1,2,B4,4,0.18978813,5.693568072,338.582024
1,2,B4,5,0.179170289,5.375032195,319.102285
1,2,B4,6,0.100203985,3.006077687,177.160645
1,2,B4,7,0.079924472,2.397701069,142.825031
1,2,B4,8,0.105837039,3.175067503,189.4483
1,2,B4,9,0.100624032,3.018678636,178.507032
1,2,B4,10,0.10641339,3.192354402,184.201578
1,2,B4,11,0.208887412,6.26653658,371.401819
1,2,B4,12,0.19758687,5.927521515,348.148065
1,2,B4,13,0.217412534,6.52228226,388.733611
1,2,B4,14,0.187061366,5.611765823,313.514849
1,2,B4,15,0.215492201,6.464675703,381.636688
1,2,B4,16,0.131277278,3.938264263,233.411
1,2,B4,17,0.121491376,3.64468922,216.497632
1,2,B4,18,0.152282423,4.568406596,271.976408
1,2,B4,19,0.161335797,4.840004201,287.661726
1,2,B4,20,0.180527112,5.415737594,321.157732
1,2,B4,21,0.233175445,6.995163541,414.819116
1,2,B4,22,0.206791006,6.203642386,368.294781
1,2,B4,23,0.174054531,5.221561337,308.598684
1,2,B4,24,0.200264026,6.007834817,356.269702
1,2,B4,25,0.200478291,6.014265172,354.646096
1,2,B4,26,0.207154077,6.214527308,5.386006
,,,,,,
1,2,B5,1,0.131210283,3.936252121,216.496967
1,2,B5,2,0.132541072,3.976176652,214.583995
1,2,B5,3,0.138811074,4.164273958,247.222522
1,2,B5,4,0.152021142,4.560569131,271.205717
1,2,B5,5,0.129736132,3.892031613,230.800578
1,2,B5,6,0.072321607,2.16961688,127.719958
1,2,B5,7,0.063217674,1.896504913,112.969983
1,2,B5,8,0.053932527,1.61795357,96.539224
1,2,B5,9,0.061799545,1.853958591,109.632392
1,2,B5,10,0.058352204,1.750542247,101.007665
1,2,B5,11,0.119583679,3.587459254,213.337284
1,2,B5,12,0.126255772,3.787620222,221.705136
1,2,B5,13,0.13381968,4.014533261,239.269587
1,2,B5,14,0.14879028,4.463646487,249.074928
1,2,B5,15,0.172450585,5.173443053,305.065084
1,2,B5,16,0.077607718,2.32819874,137.986522
1,2,B5,17,0.092387492,2.771586659,164.819286
1,2,B5,18,0.112389666,3.371643288,200.278385
1,2,B5,19,0.117115314,3.513410887,208.582374
1,2,B5,20,0.12748184,3.824404149,227.045157
1,2,B5,21,0.154162903,4.624821544,273.639152
1,2,B5,22,0.15447511,4.63418964,274.502271
1,2,B5,23,0.156201948,4.685992453,276.946053
1,2,B5,24,0.147053302,4.411538434,261.019611
1,2,B5,25,0.1506015,4.517979859,267.317662
1,2,B5,26,0.216263308,6.487821538,5.622846
,,,,,,
1,2,B6,1,0.194392444,5.831692794,320.747533
1,2,B6,2,0.207910637,6.237229852,336.1915
1,2,B6,3,0.218251053,6.547440309,388.268623
1,2,B6,4,0.220554772,6.616554552,393.469713
1,2,B6,5,0.220528605,6.615767844,392.761445
1,2,B6,6,0.21312695,6.393721049,375.955939
1,2,B6,7,0.165129756,4.953826062,294.756615
1,2,B6,8,0.177469585,5.324010168,316.60574
1,2,B6,9,0.185035935,5.550999136,327.698641
1,2,B6,10,0.233411825,7.002255564,403.569046
1,2,B6,11,0.214554701,6.436553204,380.405485
1,2,B6,12,0.204362103,6.1307779,360.086025
1,2,B6,13,0.188967791,5.6689508,335.606797
1,2,B6,14,0.189138088,5.674063143,317.751988
1,2,B6,15,0.208412484,6.252289255,369.09851
1,2,B6,16,0.133640488,4.009156305,237.612787
1,2,B6,17,0.164771669,4.943078508,290.492453
1,2,B6,18,0.250064608,7.501836327,446.615389
1,2,B6,19,0.227298171,6.81885271,400.953974
1,2,B6,20,0.273850913,8.215410575,486.085371
1,2,B6,21,0.212500555,6.37493141,373.788477
1,2,B6,22,0.223414814,6.702346787,395.667635
1,2,B6,23,0.224581734,6.737358457,397.285087
1,2,B6,24,0.20266877,6.079978541,359.737066
1,2,B6,25,0.199350426,5.980427961,351.0561
1,2,B6,26,0.208999423,6.269901923,5.433985
,,,,,,
1,2,C1,1,0.173859297,5.215705492,286.520121
1,2,C1,2,0.164234533,4.926965185,265.731474
1,2,C1,3,0.179959094,5.398693723,320.507146
1,2,C1,4,0.16266778,4.879965821,289.223312
1,2,C1,5,0.168568572,5.056988652,300.220627
1,2,C1,6,0.096018239,2.880504457,169.760246
1,2,C1,7,0.114221002,3.426581841,204.11293
1,2,C1,8,0.068469838,2.054065727,122.424071
1,2,C1,9,0.047920028,1.437581731,85.01013
1,2,C1,10,0.04251333,1.27538175,73.590575
1,2,C1,11,0.165972774,4.979115733,295.59751
1,2,C1,12,0.175547491,5.2663498,307.734752
1,2,C1,13,0.180859968,5.425723178,322.654183
1,2,C1,14,0.173859617,5.215714323,290.34556
1,2,C1,15,0.179175031,5.37517511,316.243929
1,2,C1,16,0.107996669,3.239854167,191.802085
1,2,C1,17,0.122605277,3.678108145,218.727815
1,2,C1,18,0.120258753,3.607711743,214.541615
1,2,C1,19,0.139497864,4.184877185,248.724691
1,2,C1,20,0.155235232,4.656988743,275.387302
1,2,C1,21,0.186391863,5.591676252,329.727205
1,2,C1,22,0.152000476,4.559949706,268.432841
1,2,C1,23,0.178720827,5.361550057,314.191214
1,2,C1,24,0.161604838,4.848075506,285.878959
1,2,C1,25,0.172505748,5.175103201,304.472646
1,2,C1,26,0.251334577,7.53993,6.534699
,,,,,,
1,2,C2,1,0.188630164,5.658826448,311.239771
1,2,C2,2,0.219865597,6.595873558,355.962401
1,2,C2,3,0.196320223,5.889520567,349.646318
1,2,C2,4,0.186530997,5.595853324,332.771299
1,2,C2,5,0.180194132,5.405747535,320.925749
1,2,C2,6,0.08287373,2.486175407,146.520754
1,2,C2,7,0.122829325,3.684829166,219.496003
1,2,C2,8,0.122451826,3.673501665,219.188768
1,2,C2,9,0.107696334,3.230845113,191.053297
1,2,C2,10,0.098375354,2.951220324,170.287738
1,2,C2,11,0.163644787,4.909275901,290.633142
1,2,C2,12,0.216074506,6.482140227,380.723279
1,2,C2,13,0.180587304,5.417546633,322.8901
1,2,C2,14,0.195952967,5.878507065,329.200984
1,2,C2,15,0.208069764,6.242001951,368.907691
1,2,C2,16,0.08878384,2.663477514,157.502533
1,2,C2,17,0.066931008,2.007901176,119.53878
1,2,C2,18,0.074061053,2.221802671,132.27304
1,2,C2,19,0.069467818,2.084006723,124.000055
1,2,C2,20,0.07573136,2.271908286,134.347432
1,2,C2,21,0.161031948,4.830892608,286.475836
1,2,C2,22,0.186867052,5.605933416,333.183954
1,2,C2,23,0.188487869,5.654559685,334.565968
1,2,C2,24,0.187121513,5.613569842,332.140686
1,2,C2,25,0.198747842,5.962348442,351.982429
1,2,C2,26,0.286004385,8.580027308,7.436114
,,,,,,
1,2,C3,1,0.192490282,5.77462557,317.608965
1,2,C3,2,0.208771385,6.263051062,338.000872
1,2,C3,3,0.202105022,6.063066221,359.949045
1,2,C3,4,0.216709044,6.501178772,386.608935
1,2,C3,5,0.194218762,5.826480646,345.903616
1,2,C3,6,0.117208186,3.516198054,207.224073
1,2,C3,7,0.154734077,4.641958142,276.509796
1,2,C3,8,0.160604949,4.81807967,287.482859
1,2,C3,9,0.210563865,6.316828322,372.698041
1,2,C3,10,0.225313418,6.759309555,390.017526
1,2,C3,11,0.224025942,6.720681631,399.662281
1,2,C3,12,0.211700301,6.350918134,372.169129
1,2,C3,13,0.223190624,6.695624799,399.064835
1,2,C3,14,0.20712836,6.213762073,346.732875
1,2,C3,15,0.207866757,6.235917394,367.716294
1,2,C3,16,0.180506638,5.415124061,320.940803
1,2,C3,17,0.177359099,5.320700387,316.408632
1,2,C3,18,0.191820481,5.754536303,341.440457
1,2,C3,19,0.202275937,6.068189635,359.848892
1,2,C3,20,0.242375414,7.271160675,430.701111
1,2,C3,21,0.224985139,6.749459532,399.348622
1,2,C3,22,0.189198094,5.675861433,336.583409
1,2,C3,23,0.191042547,5.731196165,338.718436
1,2,C3,24,0.171441231,5.143168872,303.965302
1,2,C3,25,0.177090438,5.312641679,314.335528
1,2,C3,26,1.293989654,38.818975,33.643731
,,,,,,
1,2,C4,1,0.184592899,5.537710776,304.578284
1,2,C4,2,0.187211521,5.61626706,303.095453
1,2,C4,3,0.197003851,5.910033189,350.863859
1,2,C4,4,0.194023211,5.820612618,346.137408
1,2,C4,5,0.197662634,5.9297968,352.037152
1,2,C4,6,0.177669994,5.330025136,314.12055
1,2,C4,7,0.145946103,4.378321158,260.805686
1,2,C4,8,0.171924957,5.157675336,307.057973
1,2,C4,9,0.141207981,4.236181894,250.502959
1,2,C4,10,0.173094268,5.192753712,298.933801
1,2,C4,11,0.207035186,6.21097197,368.936701
1,2,C4,12,0.199067097,5.971924027,349.959957
1,2,C4,13,0.231467345,6.943920544,412.474808
1,2,C4,14,0.20638969,6.191608425,345.90912
1,2,C4,15,0.195928036,5.877759706,346.596695
1,2,C4,16,0.127610268,3.828256772,226.891057
1,2,C4,17,0.150355093,4.510591695,267.932776
1,2,C4,18,0.178712511,5.361301988,317.39342
1,2,C4,19,0.223468371,6.703959014,398.891043
1,2,C4,20,0.221949992,6.65840489,394.405135
1,2,C4,21,0.208607866,6.258148016,371.113394
1,2,C4,22,0.219391572,6.581654008,390.297606
1,2,C4,23,0.220609894,6.618205318,391.582562
1,2,C4,24,0.19242549,5.772682772,341.555245
1,2,C4,25,0.215722058,6.471569615,381.180876
1,2,C4,26,0.387415542,11.6223175,9.297973
,,,,,,
1,2,C5,1,0.153621242,4.608575206,253.475049
1,2,C5,2,0.170648876,5.11939223,276.28053
1,2,C5,3,0.166494978,4.994779607,296.527556
1,2,C5,4,0.174020842,5.220553952,310.453182
1,2,C5,5,0.177458239,5.32367402,316.053123
1,2,C5,6,0.08289784,2.486899367,146.563382
1,2,C5,7,0.148155467,4.444603838,264.013043
1,2,C5,8,0.102270854,3.068081827,183.064828
1,2,C5,9,0.095504106,2.865081967,169.424284
1,2,C5,10,0.159718308,4.791479925,276.472392
1,2,C5,11,0.155376525,4.661228962,276.880968
1,2,C5,12,0.164432799,4.932915569,289.07286
1,2,C5,13,0.179646238,5.389303761,319.051718
1,2,C5,14,0.179114051,5.373344493,300.19515
1,2,C5,15,0.181552585,5.446496714,321.529628
1,2,C5,16,0.132564453,3.97688009,235.699597
1,2,C5,17,0.133089462,3.992627592,237.697779
1,2,C5,18,0.14968573,4.490509254,267.039342
1,2,C5,19,0.158706371,4.76112272,282.973459
1,2,C5,20,0.143017807,4.290473085,255.000749
1,2,C5,21,0.171416465,5.142417791,304.949892
1,2,C5,22,0.160866038,4.825913609,285.698084
1,2,C5,23,0.169711499,5.091272922,300.898488
1,2,C5,24,0.171801279,5.153964732,304.947271
1,2,C5,25,0.161870819,4.856057589,286.67322
1,2,C5,26,0.149678846,4.490315385,3.89165
,,,,,,
1,2,C6,1,0.141296512,4.238835012,233.139244
1,2,C6,2,0.133432375,4.002915152,215.493286
1,2,C6,3,0.145578878,4.367306317,259.275981
1,2,C6,4,0.161151021,4.834463957,287.493422
1,2,C6,5,0.149291903,4.478696088,265.590295
1,2,C6,6,0.071520178,2.145574502,126.447674
1,2,C6,7,0.057304485,1.719109491,102.403115
1,2,C6,8,0.061771945,1.853132112,110.571781
1,2,C6,9,0.076232946,2.286957113,134.932314
1,2,C6,10,0.030006749,0.900190982,51.941683
1,2,C6,11,0.129847068,3.895358065,230.868087
1,2,C6,12,0.170902661,5.12700963,300.446878
1,2,C6,13,0.162492429,4.874702217,289.561509
1,2,C6,14,0.18376163,5.512771609,307.249445
1,2,C6,15,0.15477777,4.643268713,274.111431
1,2,C6,16,0.070499435,2.114954184,125.347995
1,2,C6,17,0.150025115,4.500690761,267.944855
1,2,C6,18,0.167181231,5.015371446,298.251316
1,2,C6,19,0.129905388,3.897109337,231.361496
1,2,C6,20,0.162412075,4.872290692,288.606257
1,2,C6,21,0.156902519,4.707007431,279.129582
1,2,C6,22,0.166168054,4.984973241,294.782128
1,2,C6,23,0.132397173,3.971858707,234.475394
1,2,C6,24,0.153867157,4.615951351,273.421938
1,2,C6,25,0.153827658,4.614767276,272.736437
1,2,C6,26,0.131477,3.944279231,3.418402
,,,,,,
1,3,A1,1,0.137662989,4.129834398,243.525828
1,3,A1,2,0.139393153,4.181739066,243.380446
1,3,A1,3,0.139534501,4.185975768,235.394704
1,3,A1,4,0.137531012,4.125874521,238.478774
1,3,A1,5,0.137833336,4.134945364,242.586671
1,3,A1,6,0.105030878,3.150881597,186.114715
1,3,A1,7,0.098411165,2.952292993,174.286173
1,3,A1,8,0.158935666,4.768001695,280.362515
1,3,A1,9,0.171163065,5.134819836,302.787462
1,3,A1,10,0.243557218,7.306609612,433.044734
1,3,A1,11,0.170316173,5.10940784,287.834333
1,3,A1,12,0.130966381,3.928939152,227.095704
1,3,A1,13,0.148793202,4.463732938,260.834483
1,3,A1,14,0.142509787,4.275232365,237.991344
1,3,A1,15,0.15577919,4.673309143,269.030661
1,3,A1,16,0.102475565,3.07422406,170.621815
1,3,A1,17,0.126262832,3.787833196,198.737697
1,3,A1,18,0.099691557,2.990706042,167.481816
1,3,A1,19,0.122997422,3.689873131,217.213448
1,3,A1,20,0.127755529,3.832612777,188.183894
1,3,A1,21,0.179546795,5.386333448,271.833848
1,3,A1,22,0.170347774,5.110369642,275.622698
1,3,A1,23,0.161630677,4.848857352,272.18606
1,3,A1,24,0.129850221,3.895452211,223.21253
1,3,A1,25,0.228350266,6.850423071,382.943396
1,3,A1,26,0.102627269,3.078790385,2.668309
,,,,,,
1,3,A2,1,0.163517026,4.905440892,291.387341
1,3,A2,2,0.171021078,5.130560592,303.220371
1,3,A2,3,0.197858295,5.935664301,338.139827
1,3,A2,4,0.206648808,6.199385308,362.46201
1,3,A2,5,0.169864109,5.095854095,300.319744
1,3,A2,6,0.094966828,2.848964983,169.040954
1,3,A2,7,0.05939315,1.781769457,105.066483
1,3,A2,8,0.208610891,6.258236389,370.284331
1,3,A2,9,0.279398551,8.381838356,491.182652
1,3,A2,10,0.264931571,7.947838119,468.92888
1,3,A2,11,0.305172984,9.155069314,520.625111
1,3,A2,12,0.176237651,5.287060975,300.13272
1,3,A2,13,0.215154239,6.454539839,374.798684
1,3,A2,14,0.228212022,6.846267117,376.778048
1,3,A2,15,0.18842595,5.652698953,323.904208
1,3,A2,16,0.120669191,3.620033121,200.672864
1,3,A2,17,0.062716513,1.881465794,96.332564
1,3,A2,18,0.11086309,3.325847389,180.48511
1,3,A2,19,0.117029396,3.510830634,205.035502
1,3,A2,20,0.12288026,3.686353988,179.036539
1,3,A2,21,0.13961116,4.188272833,219.329133
1,3,A2,22,0.144667187,4.339959016,245.500216
1,3,A2,23,0.17720668,5.316119609,298.770463
1,3,A2,24,0.199393753,5.981727961,330.594843
1,3,A2,25,0.177179961,5.315325268,301.028753
1,3,A2,26,0.089331444,2.679906111,1.607966
,,,,,,
1,3,A3,1,0.237437251,7.123016981,417.652125
1,3,A3,2,0.229344005,6.880225006,406.856264
1,3,A3,3,0.236222607,7.086583215,400.397319
1,3,A3,4,0.215073889,6.452126976,373.368272
1,3,A3,5,0.222996634,6.689808673,386.453166
1,3,A3,6,0.037056347,1.111673299,65.256227
1,3,A3,7,0.030629958,0.918886044,52.806048
1,3,A3,8,0.079844773,2.395314608,138.450836
1,3,A3,9,0.121797672,3.653885477,213.267723
1,3,A3,10,0.15047852,4.514301795,265.745066
1,3,A3,11,0.1873418,5.620166594,327.286124
1,3,A3,12,0.258465697,7.75386566,428.794592
1,3,A3,13,0.268498664,8.054852581,456.716227
1,3,A3,14,0.333044224,9.991187182,553.186456
1,3,A3,15,0.2686115,8.058235979,442.940364
1,3,A3,16,0.097575587,2.927223516,160.121539
1,3,A3,17,0.085993511,2.579768881,131.398085
1,3,A3,18,0.149909839,4.49723285,248.250694
1,3,A3,19,0.152638721,4.579099836,269.254704
1,3,A3,20,0.156427001,4.692740191,229.009129
1,3,A3,21,0.22788669,6.836505371,355.95901
1,3,A3,22,0.254411165,7.632229628,417.488721
1,3,A3,23,0.255283197,7.65839017,436.023701
1,3,A3,24,0.283308748,8.499139576,494.090457
1,3,A3,25,0.301381362,9.041314348,510.841409
1,3,A3,26,0.298083269,8.942400385,7.750165
,,,,,,
1,3,A4,1,0.133894768,4.016790526,236.859844
1,3,A4,2,0.125675328,3.770207744,221.188578
1,3,A4,3,0.139034241,4.170968372,233.994627
1,3,A4,4,0.119779111,3.59332478,209.254107
1,3,A4,5,0.154125374,4.623693258,265.866271
1,3,A4,6,0.255782233,7.673359972,452.478771
1,3,A4,7,0.236459213,7.093675431,419.242185
1,3,A4,8,0.155841587,4.675186132,274.748717
1,3,A4,9,0.170203211,5.106024788,301.770293
1,3,A4,10,0.174452821,5.233511568,308.258134
1,3,A4,11,0.204076669,6.122214447,343.256957
1,3,A4,12,0.161960419,4.858742592,268.692335
1,3,A4,13,0.164829373,4.944817268,273.946418
1,3,A4,14,0.108658323,3.259704918,171.68015
1,3,A4,15,0.121981426,3.659391366,204.562852
1,3,A4,16,0.174381957,5.231390603,289.299667
1,3,A4,17,0.169773708,5.093135513,266.374948
1,3,A4,18,0.199773231,5.993113052,333.221749
1,3,A4,19,0.202663579,6.079824611,351.62131
1,3,A4,20,0.240033528,7.200903841,326.205564
1,3,A4,21,0.155384642,4.661476796,231.833886
1,3,A4,22,0.184456935,5.533623013,314.683531
1,3,A4,23,0.186117515,5.583444303,319.191538
1,3,A4,24,0.166504681,4.995069397,281.559415
1,3,A4,25,0.177434139,5.322947343,290.459686
1,3,A4,26,0.21804825,6.541369,4.360965
,,,,,,
1,3,A5,1,0.128345319,3.85030754,227.427905
1,3,A5,2,0.126994427,3.809778034,223.510191
1,3,A5,3,0.129579945,3.887343901,218.212627
1,3,A5,4,0.138407093,4.152154609,244.426926
1,3,A5,5,0.15040155,4.511981073,263.503515
1,3,A5,6,0.126950726,3.808461292,225.972293
1,3,A5,7,0.079125184,2.373718701,140.130701
1,3,A5,8,0.065062926,1.951859578,115.616819
1,3,A5,9,0.068484486,2.054506596,120.121789
1,3,A5,10,0.087462769,2.623848834,155.333877
1,3,A5,11,0.132803222,3.984037484,224.835855
1,3,A5,12,0.153241914,4.597202543,255.45427
1,3,A5,13,0.138570558,4.157060955,233.629961
1,3,A5,14,0.167122093,5.01358986,263.55154
1,3,A5,15,0.197385354,5.921471713,326.080604
1,3,A5,16,0.158513549,4.755348208,263.608032
1,3,A5,17,0.042248707,1.267441033,66.66846
1,3,A5,18,0.113587926,3.407601708,188.896721
1,3,A5,19,0.083576777,2.507267085,146.51009
1,3,A5,20,0.075499958,2.264972309,108.56894
1,3,A5,21,0.110450989,3.313480742,163.688366
1,3,A5,22,0.15659314,4.697726554,263.546254
1,3,A5,23,0.158995367,4.769788671,273.949017
1,3,A5,24,0.165905337,4.977087108,283.366316
1,3,A5,25,0.147999536,4.439925362,249.231219
1,3,A5,26,0.139527542,4.185740833,3.348661
,,,,,,
1,3,A6,1,0.139018495,4.170497412,245.506662
1,3,A6,2,0.140485086,4.214494139,248.096661
1,3,A6,3,0.137584202,4.127466073,227.701854
1,3,A6,4,0.121563717,3.646856181,210.426794
1,3,A6,5,0.128762773,3.862828809,222.630835
1,3,A6,6,0.120418589,3.612506853,213.502159
1,3,A6,7,0.143799828,4.31393517,248.917503
1,3,A6,8,0.278390096,8.351591479,489.409788
1,3,A6,9,0.259185758,7.775468823,449.168919
1,3,A6,10,0.263200142,7.895901129,466.390651
1,3,A6,11,0.210663337,6.319812339,356.65303
1,3,A6,12,0.204862835,6.145795399,357.075921
1,3,A6,13,0.179766934,5.392934887,309.01936
1,3,A6,14,0.188557928,5.656663717,304.89817
1,3,A6,15,0.139858589,4.195700238,234.96243
1,3,A6,16,0.137674702,4.130182734,229.090704
1,3,A6,17,0.188786427,5.663512283,282.802068
1,3,A6,18,0.230754053,6.922521015,374.975336
1,3,A6,19,0.188566298,5.65690884,315.471417
1,3,A6,20,0.16778098,5.033355351,232.041096
1,3,A6,21,0.195276735,5.858213268,288.033184
1,3,A6,22,0.144304414,4.329069538,234.350368
1,3,A6,23,0.177366953,5.320934912,292.832839
1,3,A6,24,0.164695521,4.940793438,273.065173
1,3,A6,25,0.142249737,4.267432728,229.448825
1,3,A6,26,0.210407182,6.312127727,4.628958
,,,,,,
1,3,B1,1,0.11911092,3.573278532,211.779216
1,3,B1,2,0.126872484,3.806118061,226.340511
1,3,B1,3,0.122060754,3.661770976,207.625343
1,3,B1,4,0.135737199,4.072058558,238.218784
1,3,B1,5,0.129534383,3.885976589,228.628186
1,3,B1,6,0.152925101,4.587692184,270.983279
1,3,B1,7,0.057601505,1.728021158,102.473078
1,3,B1,8,0.079776488,2.393262507,141.603266
1,3,B1,9,0.057567993,1.727015676,102.240755
1,3,B1,10,0.04055298,1.216573026,72.103198
1,3,B1,11,0.149691826,4.490687923,252.230726
1,3,B1,12,0.182543322,5.476231435,301.561568
1,3,B1,13,0.173561837,5.206778231,296.270056
1,3,B1,14,0.164778343,4.943289012,275.179833
1,3,B1,15,0.131689839,3.950637339,223.214277
1,3,B1,16,0.088868323,2.666014225,148.498967
1,3,B1,17,0.069725915,2.091747068,108.91188
1,3,B1,18,0.073253629,2.197580379,121.894038
1,3,B1,19,0.077204599,2.316105978,136.111708
1,3,B1,20,0.07032138,2.109612105,103.583393
1,3,B1,21,0.162541438,4.876171851,251.126522
1,3,B1,22,0.14668674,4.400542557,249.514145
1,3,B1,23,0.178138479,5.344082481,309.426538
1,3,B1,24,0.192971427,5.789062872,331.910855
1,3,B1,25,0.165536498,4.966023969,285.715995
1,3,B1,26,0.108020545,3.240568636,2.376452
,,,,,,
1,3,B2,1,0.109140667,3.274174913,194.161246
1,3,B2,2,0.095312574,2.859339076,169.084506
1,3,B2,3,0.098450213,2.953464245,167.463812
1,3,B2,4,0.115648948,3.469421031,200.882223
1,3,B2,5,0.119959699,3.598739792,207.170401
1,3,B2,6,0.176097566,5.282851885,312.044887
1,3,B2,7,0.170319399,5.109512456,296.866713
1,3,B2,8,0.178899681,5.366916041,314.505639
1,3,B2,9,0.200697579,6.020847507,350.217276
1,3,B2,10,0.121336873,3.640056912,210.640812
1,3,B2,11,0.106481725,3.19440718,185.384684
1,3,B2,12,0.124764241,3.742881929,211.475389
1,3,B2,13,0.074875752,2.246241585,133.653218
1,3,B2,14,0.075336401,2.260065078,129.955292
1,3,B2,15,0.060523561,1.815682526,106.642515
1,3,B2,16,0.085764354,2.572891836,142.454592
1,3,B2,17,0.122448214,3.673409042,190.406973
1,3,B2,18,0.073297898,2.198908387,122.700681
1,3,B2,19,0.082035819,2.461036982,144.875256
1,3,B2,20,0.069914092,2.097395315,102.074574
1,3,B2,21,0.092984008,2.789478299,146.542796
1,3,B2,22,0.078550634,2.356484438,139.663028
1,3,B2,23,0.051120529,1.533594502,90.278854
1,3,B2,24,0.086556395,2.596653886,154.589721
1,3,B2,25,0.110504715,3.315103022,191.615175
1,3,B2,26,0.085462077,2.563833846,2.222014
,,,,,,
1,3,B3,1,0.130061443,3.901787514,229.688509
1,3,B3,2,0.141735906,4.252021773,252.573384
1,3,B3,3,0.137095185,4.112796517,231.827958
1,3,B3,4,0.179211901,5.376274971,312.903979
1,3,B3,5,0.147147874,4.414373114,259.421702
1,3,B3,6,0.036719955,1.101582099,64.039602
1,3,B3,7,0.029868758,0.896050387,51.762558
1,3,B3,8,0.097479541,2.924341311,170.296759
1,3,B3,9,0.105044151,3.151281375,184.877705
1,3,B3,10,0.137963005,4.138830893,244.194519
1,3,B3,11,0.186530555,5.595832515,319.713372
1,3,B3,12,0.189712899,5.691303587,322.132502
1,3,B3,13,0.148897032,4.466849012,253.124955
1,3,B3,14,0.144238129,4.327082403,241.310389
1,3,B3,15,0.173687292,5.210542365,293.70521
1,3,B3,16,0.097876355,2.936251067,160.517222
1,3,B3,17,0.146653814,4.399546396,224.233681
1,3,B3,18,0.188658983,5.659686356,303.363644
1,3,B3,19,0.187385498,5.621487187,320.429201
1,3,B3,20,0.195280513,5.858333572,274.954963
1,3,B3,21,0.173685643,5.210491084,267.649576
1,3,B3,22,0.196448701,5.893380692,329.444471
1,3,B3,23,0.17656172,5.296772626,298.565868
1,3,B3,24,0.184027368,5.520737829,307.693759
1,3,B3,25,0.1556428,4.669220042,261.168619
1,3,B3,26,0.222890773,6.686628636,4.903597
,,,,,,
1,3,B4,1,0.144337153,4.3300525,252.878692
1,3,B4,2,0.156048721,4.681396348,275.582041
1,3,B4,3,0.165883254,4.97643038,279.513283
1,3,B4,4,0.173605499,5.208093339,299.990303
1,3,B4,5,0.161049261,4.83141302,277.326828
1,3,B4,6,0.146161245,4.384773906,257.09763
1,3,B4,7,0.109076158,3.272242017,191.428657
1,3,B4,8,0.104081924,3.122414057,182.143367
1,3,B4,9,0.140863166,4.225833553,248.200898
1,3,B4,10,0.182865325,5.485886022,320.380049
1,3,B4,11,0.1669707,5.009051992,280.009864
1,3,B4,12,0.187223144,5.616616098,306.10984
1,3,B4,13,0.187221696,5.61656743,322.021317
1,3,B4,14,0.183491758,5.504670498,302.210925
1,3,B4,15,0.211402733,6.341999495,359.807452
1,3,B4,16,0.158576169,4.757219939,260.540645
1,3,B4,17,0.104880503,3.146370131,160.362289
1,3,B4,18,0.104606101,3.138140634,173.227704
1,3,B4,19,0.165343481,4.960224675,290.012465
1,3,B4,20,0.150207449,4.506155128,217.049764
1,3,B4,21,0.164615835,4.938405109,257.129934
1,3,B4,22,0.173024173,5.190650082,294.487142
1,3,B4,23,0.164762044,4.942786864,275.811661
1,3,B4,24,0.18897498,5.66916789,320.690541
1,3,B4,25,0.204611941,6.138274374,341.497329
1,3,B4,26,0.246493654,7.394695769,6.408835
,,,,,,
1,4,B5,1,0.168793722,5.063739064,297.414538
1,4,B5,2,0.187555273,5.626576533,332.723054
1,4,B5,3,0.192091802,5.762674192,325.787696
1,4,B5,4,0.18128809,5.438564719,315.803853
1,4,B5,5,0.179723251,5.391624279,319.188493
1,4,B5,6,0.088075376,2.642223086,153.251154
1,4,B5,7,0.109541092,3.286181044,193.120946
1,4,B5,8,0.110510584,3.315269639,195.714245
1,4,B5,9,0.182772253,5.483093275,323.141344
1,4,B5,10,0.185440392,5.563139305,328.229494
1,4,B5,11,0.126716241,3.801432177,215.924474
1,4,B5,12,0.099527926,2.985794881,175.567262
1,4,B5,13,0.060471836,1.814134402,104.676748
1,4,B5,14,0.04683462,1.405018072,80.883388
1,4,B5,15,0.040302375,1.209059209,71.818832
1,4,B5,16,0,0,0
1,4,B5,17,0.001098008,0.032939527,1.739244
1,4,B5,18,0.004067987,0.122038032,6.883034
1,4,B5,19,0.007005047,0.21014883,12.454974
1,4,B5,20,0.015302819,0.45907777,22.648172
1,4,B5,21,0.036368873,1.091050236,58.444779
1,4,B5,22,0.013522121,0.405658339,24.096419
1,4,B5,23,0.009723127,0.291689843,17.346058
1,4,B5,24,0.005788417,0.173650145,10.34969
1,4,B5,25,0.00424995,0.127496498,7.560661
1,4,B5,26,0,0,0
,,,,,,
1,4,B6,1,0.165783497,4.97343746,293.105223
1,4,B6,2,0.136937395,4.10806695,243.337751
1,4,B6,3,0.125669934,3.770047217,211.753839
1,4,B6,4,0.151716753,4.551434551,266.718051
1,4,B6,5,0.163032654,4.89091622,282.046492
1,4,B6,6,0.101159365,3.034740034,180.265988
1,4,B6,7,0.018459468,0.553775582,32.839394
1,4,B6,8,0.049289658,1.478669495,87.883461
1,4,B6,9,0.073004998,2.190119328,129.364857
1,4,B6,10,0.138655695,4.159619769,246.252514
1,4,B6,11,0.178081964,5.342388422,314.848912
1,4,B6,12,0.250544584,7.516221829,430.18505
1,4,B6,13,0.200629675,6.018813065,341.070447
1,4,B6,14,0.209158908,6.274679529,346.367152
1,4,B6,15,0.173952909,5.218515332,298.503192
1,4,B6,16,0.134093599,4.022751325,222.729468
1,4,B6,17,0.142780063,4.283338265,221.309097
1,4,B6,18,0.096621843,2.898612461,160.585503
1,4,B6,19,0.08154228,2.446231851,142.69899
1,4,B6,20,0.103253044,3.097547062,150.439685
1,4,B6,21,0.159877469,4.796254078,254.844685
1,4,B6,22,0.194086911,5.822524677,339.846181
1,4,B6,23,0.126699332,3.800928002,216.909256
1,4,B6,24,0.125821997,3.774605838,217.042945
1,4,B6,25,0.159139603,4.774119348,275.948071
1,4,B6,26,0.069693385,2.090764615,1.812028
,,,,,,
1,4,C1,1,0.052508371,1.575228191,1.575228191
1,4,C1,2,0.029746385,0.892378906,0.892378906
1,4,C1,3,0.031969285,0.95906466,0.95906466
1,4,C1,4,0.028663189,0.859884178,0.859884178
1,4,C1,5,0.030103116,0.903082877,0.903082877
1,4,C1,6,0.024403054,0.732081726,0.732081726
1,4,C1,7,0.060710472,1.82128606,1.82128606
1,4,C1,8,0.121436796,3.64305263,3.64305263
1,4,C1,9,0.18072048,5.421534376,5.421534376
1,4,C1,10,0.217774331,6.533136906,6.533136906
1,4,C1,11,0.242232436,7.266873107,7.266873107
1,4,C1,12,0.099041958,2.971215319,2.971215319
1,4,C1,13,0.105792707,3.173739525,3.173739525
1,4,C1,14,0.117546142,3.526335688,3.526335688
1,4,C1,15,0.194289576,5.828601579,5.828601579
1,4,C1,16,0.096017961,2.880502498,2.880502498
1,4,C1,17,0.117724689,3.531685254,3.531685254
1,4,C1,18,0.055288668,1.658637297,1.658637297
1,4,C1,19,0.100189301,3.005635852,3.005635852
1,4,C1,20,0.097658366,2.929706102,2.929706102
1,4,C1,21,0.117090318,3.512660658,3.512660658
1,4,C1,22,0.100118753,3.003518896,3.003518896
1,4,C1,23,0.08700743,2.610186867,2.610186867
1,4,C1,24,0.015287632,0.458621641,0.458621641
1,4,C1,25,0.137612831,4.128325166,4.128325166
1,4,C1,26,0.458566905,13.75676667,13.75676667
,,,,,,
1,4,C2,1,0.13083195,3.924902971,233.404198
1,4,C2,2,0.193063701,5.791824068,344.039515
1,4,C2,3,0.189679656,5.690307025,322.645095
1,4,C2,4,0.143180478,4.295354362,252.427183
1,4,C2,5,0.179823288,5.394620382,320.4451
1,4,C2,6,0.09083766,2.725092503,161.146008
1,4,C2,7,0.135827459,4.074760102,239.735465
1,4,C2,8,0.151478002,4.544271113,266.752761
1,4,C2,9,0.204495461,6.134786345,358.685039
1,4,C2,10,0.218865586,6.565878019,387.829819
1,4,C2,11,0.227794501,6.833737404,401.8295
1,4,C2,12,0.156744826,4.702278901,278.222067
1,4,C2,13,0.254983239,7.649386372,449.790434
1,4,C2,14,0.2265116,6.795251413,391.185534
1,4,C2,15,0.240175526,7.205168418,426.551735
1,4,C2,16,0.045769697,1.373071201,76.572703
1,4,C2,17,0.063567011,1.906981185,100.308744
1,4,C2,18,0.051925173,1.557730442,86.974664
1,4,C2,19,0.064936723,1.948078467,114.808127
1,4,C2,20,0.080353321,2.410563051,117.476555
1,4,C2,21,0.132218993,3.966509122,209.302666
1,4,C2,22,0.16431218,4.929294758,288.696501
1,4,C2,23,0.234557013,7.036612591,411.882115
1,4,C2,24,0.247474712,7.424135011,439.515089
1,4,C2,25,0.145980347,4.37935302,258.093254
1,4,C2,26,0.038353577,1.150585385,0.997193
,,,,,,
1,4,C3,1,0.004313144,0.129392373,7.543688
1,4,C3,2,0.006789248,0.20367408,9.518525
1,4,C3,3,0.006383212,0.191494705,11.355734
1,4,C3,4,0.028860364,0.865799275,50.938543
1,4,C3,5,0.045165773,1.354954594,80.620905
1,4,C3,6,0.029590647,0.887707531,52.493808
1,4,C3,7,0.047510981,1.425309054,84.379503
1,4,C3,8,0.064402812,1.932056065,115.21663
1,4,C3,9,0.060141013,1.804205652,106.930721
1,4,C3,10,0.060626713,1.818776323,108.643069
1,4,C3,11,0.068581896,2.057428171,122.212938
1,4,C3,12,0.068687959,2.060610945,122.81407
1,4,C3,13,0.076249073,2.287440648,136.48584
1,4,C3,14,0.066480456,1.994385261,113.349178
1,4,C3,15,0.065355196,1.96063036,116.266893
1,4,C3,16,0.047936641,1.438079301,84.991665
1,4,C3,17,0.060954606,1.828614307,108.255381
1,4,C3,18,0.082573215,2.477162772,147.723482
1,4,C3,19,0.07706284,2.311852196,136.863603
1,4,C3,20,0.082263125,2.467860225,146.181573
1,4,C3,21,0.098241233,2.947194787,175.262359
1,4,C3,22,0.092533588,2.775968304,164.247119
1,4,C3,23,0.05789313,1.73676955,102.991878
1,4,C3,24,0.13667681,4.100243541,243.968106
1,4,C3,25,0.160041141,4.801167528,285.513396
1,4,C3,26,0.210737,6.322024231,5.479162
,,,,,,
1,4,C4,1,0.147527335,4.425757157,262.008547
1,4,C4,2,0.224387235,6.731519769,398.062955
1,4,C4,3,0.215922209,6.477577808,366.419988
1,4,C4,4,0.20568626,6.170500994,364.06468
1,4,C4,5,0.209103154,6.273005154,367.185139
1,4,C4,6,0.023312784,0.69937366,41.590007
1,4,C4,7,0.036781819,1.103437895,65.361292
1,4,C4,8,0.069489343,2.084649205,123.204606
1,4,C4,9,0.101850551,3.055473895,179.664372
1,4,C4,10,0.192601067,5.777939002,339.555682
1,4,C4,11,0.183354437,5.500550925,323.070518
1,4,C4,12,0.046545503,1.396344655,82.990632
1,4,C4,13,0.00404522,0.121354791,7.253079
1,4,C4,14,0.009534677,0.28603606,16.504526
1,4,C4,15,0.009339012,0.280166698,16.660797
1,4,C4,16,0.004471768,0.13415074,7.490212
1,4,C4,17,0.006292515,0.188772551,9.967343
1,4,C4,18,0.010856642,0.32569497,18.369438
1,4,C4,19,0.015471159,0.464127863,27.50772
1,4,C4,20,0.029054514,0.871624142,43.000681
1,4,C4,21,0.079245423,2.377329644,126.713431
1,4,C4,22,0.034511607,1.035333845,61.568707
1,4,C4,23,0.062028416,1.860825579,110.286524
1,4,C4,24,0.189015079,5.67037037,331.910478
1,4,C4,25,0.258786666,7.763483704,449.253652
1,4,C4,26,0.135669708,4.070043333,3.256073
,,,,,,
1,5,A1,1,0.119935743,3.598021692,209.767615
1,5,A2,2,0.105422745,3.16264015,147.802688
1,5,A3,3,0.126739749,3.802140382,225.470013
1,5,A4,4,0.114632697,3.438928963,202.32671
1,5,A5,5,0.10633819,3.19010069,189.600992
1,5,A6,6,0.050681124,1.520413687,89.908314
1,5,A7,7,0.081754008,2.452585203,145.031611
1,5,A8,8,0.113368668,3.401010565,202.816547
1,5,A9,9,0.092175456,2.765225968,163.703609
1,5,A10,10,0.121070482,3.632059883,216.958304
1,5,A11,11,0.127916267,3.837435906,226.539708
1,5,A12,12,0.102817347,3.084477669,183.528965
1,5,A13,13,0.107215085,3.216408979,191.057281
1,5,A14,14,0.112090607,3.36267424,190.890304
1,5,A15,15,0.105761282,3.172796371,187.091707
1,5,A16,16,0.014156282,0.424682279,25.099088
1,5,A17,17,0.053953905,1.618594893,95.930043
1,5,A18,18,0.030053477,0.9015909,53.76567
1,5,A19,19,0.00610766,0.183226955,10.871635
1,5,A20,20,0.013086383,0.392585964,23.280675
1,5,A21,21,0.021917015,0.657501685,39.143788
1,5,A22,22,0.061019081,1.830547255,108.24785
1,5,A23,23,0.106604477,3.198089548,186.238021
1,5,A24,24,0.099953156,2.998552857,177.017039
1,5,A25,25,0.081687673,2.450598393,145.894184
1,5,A26,26,0.266555577,7.996545385,6.930445
,,,,,,
1,5,A2,1,0.089054301,2.671591389,155.755972
1,5,A2,2,0.089822983,2.694650699,125.931822
1,5,A2,3,0.099663498,2.989862192,177.301363
1,5,A2,4,0.108752131,3.262518147,191.947511
1,5,A2,5,0.10782017,3.23455954,192.027722
1,5,A2,6,0.121320909,3.639579318,215.223293
1,5,A2,7,0.037753641,1.132592793,67.050467
1,5,A2,8,0.024599278,0.737967993,44.008108
1,5,A2,9,0.040964318,1.228913091,72.752629
1,5,A2,10,0.094797514,2.843885229,169.877145
1,5,A2,11,0.111257041,3.33766375,195.812393
1,5,A2,12,0.099741595,2.992206282,178.138489
1,5,A2,13,0.100038664,3.001117167,178.669054
1,5,A2,14,0.116544099,3.496276587,198.707688
1,5,A2,15,0.107624735,3.228696564,191.679653
1,5,A2,16,0.068830121,2.064876148,122.035804
1,5,A2,17,0.059668395,1.79002766,106.090406
1,5,A2,18,0.056732226,1.701943348,101.493952
1,5,A2,19,0.072374042,2.17119232,128.825794
1,5,A2,20,0.075128363,2.253817268,133.653357
1,5,A2,21,0.112242785,3.367236916,199.792158
1,5,A2,22,0.095395436,2.861824208,169.326899
1,5,A2,23,0.103905668,3.117125229,183.809126
1,5,A2,24,0.116581548,3.497396219,207.515155
1,5,A2,25,0.113095156,3.392804596,200.291522
1,5,A2,26,0.127736346,3.832031154,3.321145
,,,,,,
1,5,A3,1,0.093889115,2.816634048,164.212062
1,5,A3,2,0.090854029,2.725582932,127.377349
1,5,A3,3,0.089154253,2.674592245,158.427107
1,5,A3,4,0.088567426,2.656984365,155.612967
1,5,A3,5,0.091022222,2.730629198,162.292621
1,5,A3,6,0.103164794,3.09490018,183.014345
1,5,A3,7,0.084706693,2.541165518,150.439086
1,5,A3,8,0.015311555,0.459340738,27.392372
1,5,A3,9,0.026542811,0.79627159,47.086947
1,5,A3,10,0.02392324,0.717688705,42.870446
1,5,A3,11,0.077441687,2.323219703,138.155969
1,5,A3,12,0.112402798,3.372038955,200.076981
1,5,A3,13,0.10428267,3.128438972,186.665979
1,5,A3,14,0.116764462,3.502884557,197.565469
1,5,A3,15,0.130863002,3.9258342,232.412691
1,5,A3,16,0.034268277,1.028034027,60.757656
1,5,A3,17,0.03133371,0.939997942,55.711337
1,5,A3,18,0.008953224,0.268592979,16.017318
1,5,A3,19,0.000782687,0.023480236,1.393183
1,5,A3,20,0.00253329,0.07599783,4.506723
1,5,A3,21,0.079862934,2.395852693,142.635201
1,5,A3,22,0.130882726,3.926428842,232.84037
1,5,A3,23,0.104136804,3.124062128,184.530417
1,5,A3,24,0.120702151,3.621014493,215.453339
1,5,A3,25,0.118904467,3.567082918,211.88776
1,5,A3,26,0.124559962,3.736751923,3.238559
,,,,,,
1,5,A4,1,0.107978609,3.239313642,188.854587
1,5,A4,2,0.105694155,3.1707805,147.971817
1,5,A4,3,0.114282836,3.428438855,202.623469
1,5,A4,4,0.101486459,3.044551226,178.819141
1,5,A4,5,0.097973505,2.939165157,174.588786
1,5,A4,6,0.095534696,2.86600044,169.478551
1,5,A4,7,0.067209913,2.016267601,119.364806
1,5,A4,8,0.054990888,1.649703466,98.378698
1,5,A4,9,0.069011648,2.070320501,122.702711
1,5,A4,10,0.049560266,1.4867862,88.811996
1,5,A4,11,0.082919452,2.487548939,147.762463
1,5,A4,12,0.12034104,3.610180793,215.410462
1,5,A4,13,0.110717428,3.321475844,198.184197
1,5,A4,14,0.11278129,3.383393038,192.292099
1,5,A4,15,0.105740039,3.172156896,187.68857
1,5,A4,16,0.078630725,2.358890615,139.412275
1,5,A4,17,0.048936769,1.468082165,87.009575
1,5,A4,18,0.022235091,0.667042266,39.734108
1,5,A4,19,0.006328616,0.189856287,11.264937
1,5,A4,20,0.009399495,0.281980495,16.721702
1,5,A4,21,0.063032883,1.890960633,112.450663
1,5,A4,22,0.088375652,2.651233405,157.043534
1,5,A4,23,0.095564582,2.866897943,170.009392
1,5,A4,24,0.096442375,2.893231898,171.281658
1,5,A4,25,0.110806113,3.324137587,197.456494
1,5,A4,26,0.127648423,3.829395,3.318859
,,,,,,
1,5,A5,1,0.104594732,3.137798575,182.726997
1,5,A5,2,0.100827317,3.024778766,141.359899
1,5,A5,3,0.106094648,3.182793493,188.318001
1,5,A5,4,0.104324907,3.129704754,184.13346
1,5,A5,5,0.102547288,3.076376218,183.046909
1,5,A5,6,0.101835696,3.055028269,180.656524
1,5,A5,7,0.07097435,2.12920076,126.050446
1,5,A5,8,0.06308769,1.89260498,112.863878
1,5,A5,9,0.116823664,3.504660619,207.712475
1,5,A5,10,0.135026541,4.050740631,241.967562
1,5,A5,11,0.119396386,3.581842627,212.286775
1,5,A5,12,0.13252031,3.975552086,236.283712
1,5,A5,13,0.126320416,3.789559994,225.860903
1,5,A5,14,0.137209737,4.11623495,233.942601
1,5,A5,15,0.133374716,4.001186906,237.540369
1,5,A5,16,0.094596433,2.83785405,167.719476
1,5,A5,17,0.096918086,2.907501285,171.932684
1,5,A5,18,0.097824835,2.934704273,173.541257
1,5,A5,19,0.13097802,3.929285355,232.616964
1,5,A5,20,0.131375665,3.941215997,232.666302
1,5,A5,21,0.121946305,3.658338489,214.625496
1,5,A5,22,0.116208434,3.486204639,204.643052
1,5,A5,23,0.121033038,3.630942316,214.228477
1,5,A5,24,0.109262684,3.277832648,193.504214
1,5,A5,25,0.131933395,3.957945912,233.654043
1,5,A5,26,0.101261231,3.037803462,2.632792
,,,,,,
1,5,A6,1,0.13380633,4.014132147,233.759659
1,5,A6,2,0.127735511,3.832011591,179.085187
1,5,A6,3,0.126020551,3.780563363,224.06454
1,5,A6,4,0.133084033,3.992461817,234.360982
1,5,A6,5,0.120596484,3.617847116,214.541145
1,5,A6,6,0.070777583,2.123298997,125.559433
1,5,A6,7,0.04249291,1.274770079,75.467409
1,5,A6,8,0.044049221,1.321457909,78.804056
1,5,A6,9,0.0592092,1.776250759,105.273957
1,5,A6,10,0.056091432,1.682718811,100.515847
1,5,A6,11,0.125208067,3.756189972,222.119111
1,5,A6,12,0.159056275,4.771622664,282.961114
1,5,A6,13,0.147393779,4.421751533,262.50832
1,5,A6,14,0.160862636,4.825807297,268.962327
1,5,A6,15,0.147027201,4.410755342,259.797065
1,5,A6,16,0.030971339,0.929127265,54.912184
1,5,A6,17,0.023727358,0.711810039,42.187243
1,5,A6,18,0.036650267,1.099492677,65.567327
1,5,A6,19,0.024785651,0.743559489,44.118459
1,5,A6,20,0.016819911,0.50459023,29.922622
1,5,A6,21,0.141251128,4.237474674,247.189474
1,5,A6,22,0.157254035,4.717557971,277.396118
1,5,A6,23,0.176147579,5.284350778,312.309657
1,5,A6,24,0.159922297,4.797603201,281.783088
1,5,A6,25,0.134302924,4.02903705,235.835934
1,5,A6,26,0.110482308,3.314418846,2.87254
,,,,,,
1,5,B1,1,0.116029423,3.48083566,202.935461
1,5,B1,2,0.103795741,3.113827135,144.898855
1,5,B1,3,0.111881585,3.356400056,199.03734
1,5,B1,4,0.117352892,3.520537459,206.893148
1,5,B1,5,0.116663636,3.499861703,208.244591
1,5,B1,6,0.141894909,4.256792052,251.721569
1,5,B1,7,0.108497697,3.254886988,192.69191
1,5,B1,8,0.115940212,3.478158161,207.41704
1,5,B1,9,0.108722178,3.261618268,193.308033
1,5,B1,10,0.13131529,3.939404927,235.316999
1,5,B1,11,0.155484727,4.664477309,276.140876
1,5,B1,12,0.13452038,4.035555745,240.253398
1,5,B1,13,0.130228392,3.90679642,232.066995
1,5,B1,14,0.141374459,4.241176464,239.912457
1,5,B1,15,0.146751189,4.402472617,261.363868
1,5,B1,16,0.12104523,3.63130674,214.613193
1,5,B1,17,0.099741135,2.992193628,177.339738
1,5,B1,18,0.115616515,3.468446931,206.837946
1,5,B1,19,0.107560607,3.22677323,191.457881
1,5,B1,20,0.13495856,4.048699607,240.091278
1,5,B1,21,0.14685766,4.405667952,261.700351
1,5,B1,22,0.121868893,3.656019223,216.561023
1,5,B1,23,0.126320141,3.789552636,224.723531
1,5,B1,24,0.132278794,3.968307367,236.117647
1,5,B1,25,0.132592655,3.977724927,236.810482
1,5,B1,26,0.137142923,4.114216538,3.565716
,,,,,,
1,5,B2,1,0.149362845,4.480821355,261.235616
1,5,B2,2,0.151282021,4.538395499,212.097394
1,5,B2,3,0.161757643,4.852661478,287.766847
1,5,B2,4,0.149849435,4.495419087,264.184554
1,5,B2,5,0.15389416,4.616762771,274.393288
1,5,B2,6,0.066976832,2.009277728,118.8169
1,5,B2,7,0.057454829,1.72362022,102.039777
1,5,B2,8,0.058952871,1.768561403,105.466686
1,5,B2,9,0.046181277,1.385418673,82.11031
1,5,B2,10,0.012357484,0.37071942,22.144611
1,5,B2,11,0.139483811,4.18445616,248.839118
1,5,B2,12,0.150935987,4.528016246,270.175416
1,5,B2,13,0.169180407,5.07534038,302.832928
1,5,B2,14,0.177136878,5.31403027,301.309829
1,5,B2,15,0.175505407,5.265089905,312.57513
1,5,B2,16,0.077573086,2.327160592,137.537081
1,5,B2,17,0.063945103,1.918326395,113.694393
1,5,B2,18,0.064339639,1.930162364,115.103614
1,5,B2,19,0.074684098,2.240492416,132.937695
1,5,B2,20,0.05764904,1.729447448,102.557643
1,5,B2,21,0.108500253,3.254960915,193.347451
1,5,B2,22,0.137517383,4.125462876,243.81832
1,5,B2,23,0.157106574,4.713130912,279.178382
1,5,B2,24,0.157379252,4.72131167,278.876035
1,5,B2,25,0.176270182,5.288036031,314.466004
1,5,B2,26,0.106445538,3.193321923,2.767584
,,,,,,
1,5,B3,Not Used,,,
1,5,B4,Not Used,,,
1,5,B5,1,0.181570282,5.44703454,317.566424
1,5,B5,2,0.135729034,4.071817297,190.292105
1,5,B5,3,0.079328084,2.379809584,141.124661
1,5,B5,4,0.120846023,3.625332396,212.809847
1,5,B5,5,0.126917859,3.807488661,226.548379
1,5,B5,6,0.087108081,2.613205789,154.529735
1,5,B5,7,0.083189742,2.495658283,147.744982
1,5,B5,8,0.107937307,3.238072582,193.099842
1,5,B5,9,0.09427765,2.828288694,167.437106
1,5,B5,10,0.105067329,3.151973622,188.280654
1,5,B5,11,0.115681462,3.470394036,206.375728
1,5,B5,12,0.099946793,2.998361196,178.90476
1,5,B5,13,0.084736752,2.542067486,151.678786
1,5,B5,14,0.141148632,4.234397507,240.658417
1,5,B5,15,0.109689309,3.290634676,194.917902
1,5,B5,16,0.048220957,1.446607812,85.495757
1,5,B5,17,0.035023735,1.050698206,62.272201
1,5,B5,18,0.028547497,0.856413835,51.071473
1,5,B5,19,0.029245777,0.877361713,52.057483
1,5,B5,20,0.026948746,0.808451265,47.941819
1,5,B5,21,0.031438593,0.943144126,56.08645
1,5,B5,22,0.036644086,1.099307712,65.189829
1,5,B5,23,0.147139895,4.414136487,261.761873
1,5,B5,24,0.167250503,5.017444583,298.542147
1,5,B5,25,0.161466088,4.843915857,288.378434
1,5,B5,26,0.223714038,6.711311154,5.816565
,,,,,,
1,6,A1 (Only Goes up to 21),1,0.155308711,4.659198452,276.915431
1,6,A1 (Only Goes up to 21),2,0.137997192,4.139855927,244.25503
1,6,A1 (Only Goes up to 21),3,0.143549847,4.306435582,255.088078
1,6,A1 (Only Goes up to 21),4,0.158561516,4.756777186,280.019638
1,6,A1 (Only Goes up to 21),5,0.166257859,4.987660955,292.613831
1,6,A1 (Only Goes up to 21),6,0.144002433,4.320011564,254.164295
1,6,A1 (Only Goes up to 21),7,0.131159589,3.934729823,222.053184
1,6,A1 (Only Goes up to 21),8,0.143844327,4.315271872,247.412243
1,6,A1 (Only Goes up to 21),9,0.143122357,4.293613283,244.596108
1,6,A1 (Only Goes up to 21),10,0.165252237,4.95749194,287.869396
1,6,A1 (Only Goes up to 21),11,0.157011559,4.710280973,264.721488
1,6,A1 (Only Goes up to 21),12,0.143010002,4.290239282,246.835264
1,6,A1 (Only Goes up to 21),13,0.167358346,5.02068389,274.467687
1,6,A1 (Only Goes up to 21),14,0.151621227,4.548573447,257.301222
1,6,A1 (Only Goes up to 21),15,0.141744642,4.252280583,245.643465
1,6,A1 (Only Goes up to 21),16,0.110421509,3.312598152,193.016798
1,6,A1 (Only Goes up to 21),17,0.159398762,4.781896525,272.89068
1,6,A1 (Only Goes up to 21),18,0.163010792,4.890253759,282.334692
1,6,A1 (Only Goes up to 21),19,0.178189093,5.3455949,302.56508
1,6,A1 (Only Goes up to 21),20,0.17309299,5.192715978,279.718272
1,6,A1 (Only Goes up to 21),21,0.214565418,6.43686874,260.482418
,,,,,,
1,6,A2,1,0.114634742,3.438995071,202.101051
1,6,A2,2,0.105152729,3.154538967,185.279109
1,6,A2,3,0.173457251,5.203649685,308.060077
1,6,A2,4,0.126657387,3.799669725,221.270455
1,6,A2,5,0.134138732,4.02410817,229.377232
1,6,A2,6,0.067831519,2.034914637,119.654799
1,6,A2,7,0.077257103,2.317681038,136.204273
1,6,A2,8,0.133264841,3.997888319,226.683495
1,6,A2,9,0.127008041,3.810188781,210.452324
1,6,A2,10,0.107762579,3.232832675,184.489535
1,6,A2,11,0.139447988,4.183379709,234.969859
1,6,A2,12,0.171859687,5.155716766,287.521257
1,6,A2,13,0.148222245,4.446604867,233.301813
1,6,A2,14,0.120518142,3.615495864,203.073069
1,6,A2,15,0.121921871,3.657602315,202.756072
1,6,A2,16,0.141237691,4.237075745,244.623681
1,6,A2,17,0.101247035,3.037368763,180.928451
1,6,A2,18,0.110773632,3.323161003,193.189214
1,6,A2,19,0.137811856,4.13429587,238.276699
1,6,A2,20,0.014139348,0.42417539,24.998368
1,6,A2,21,0.16636131,4.99077004,209.615251
,,,,,,
1,6,A3,1,0.107312012,3.219315435,190.156885
1,6,A3,2,0.102675473,3.080220823,182.043614
1,6,A3,3,0.126702195,3.801010533,223.629374
1,6,A3,4,0.109560175,3.286759187,188.772182
1,6,A3,5,0.102481403,3.074399865,174.628311
1,6,A3,6,0.064942915,1.948258566,112.351243
1,6,A3,7,0.082280913,2.468393554,142.839665
1,6,A3,8,0.073461893,2.203827222,125.32599
1,6,A3,9,0.083160272,2.494773871,145.863117
1,6,A3,10,0.076074707,2.282208624,132.674289
1,6,A3,11,0.10724537,3.217314061,179.314259
1,6,A3,12,0.121596904,3.647856642,199.54052
1,6,A3,13,0.098131498,2.943902362,151.613164
1,6,A3,14,0.127456473,3.823643598,199.087011
1,6,A3,15,0.132895726,3.986813118,211.835788
1,6,A3,16,0.059457728,1.78370788,106.013129
1,6,A3,17,0.072307126,2.169183358,128.778991
1,6,A3,18,0.087982181,2.639430129,149.481725
1,6,A3,19,0.036775537,1.103249037,64.908822
1,6,A3,20,0.044829995,1.344885238,79.169771
1,6,A3,21,0.159069626,4.772030927,180.225886
,,,,,,
1,6,A4,1,0.129289704,3.878636869,228.325617
1,6,A4,2,0.113279771,3.398348061,198.013039
1,6,A4,3,0.119309499,3.579239263,208.791624
1,6,A4,4,0.11259311,3.377744535,193.660149
1,6,A4,5,0.116575762,3.497223001,202.025795
1,6,A4,6,0.059566658,1.786974698,105.492552
1,6,A4,7,0.026432193,0.792950914,46.864278
1,6,A4,8,0.013248151,0.397439165,22.839812
1,6,A4,9,0.053023522,1.590679434,91.83674
1,6,A4,10,0.049971237,1.49911542,88.599004
1,6,A4,11,0.081695641,2.45083731,143.049067
1,6,A4,12,0.118665012,3.559899503,198.17057
1,6,A4,13,0.123526764,3.705751606,200.730991
1,6,A4,14,0.153749872,4.61243562,254.148539
1,6,A4,15,0.160356752,4.81063539,262.985074
1,6,A4,16,0.05144306,1.543266946,92.134521
1,6,A4,17,0.021482098,0.644454531,35.982514
1,6,A4,18,0.233314156,6.99931286,408.766402
1,6,A4,19,0.244373289,7.331101061,430.830108
1,6,A4,20,0.092270707,2.768085261,162.580985
1,6,A4,21,0.1032477,3.097388271,135.56423
,,,,,,
1,6,A5,1,0.123125915,3.693723427,219.533506
1,6,A5,2,0.129495387,3.88480991,229.336331
1,6,A5,3,0.137743411,4.132246246,243.668094
1,6,A5,4,0.118090417,3.542664241,208.547677
1,6,A5,5,0.115066328,3.451938839,200.21541
1,6,A5,6,0.044292796,1.32876147,77.733857
1,6,A5,7,0.085501013,2.564994856,151.9353
1,6,A5,8,0.074626887,2.238772566,130.597053
1,6,A5,9,0.09487096,2.846088039,167.352373
1,6,A5,10,0.085917998,2.577501915,153.019955
1,6,A5,11,0.16504085,4.951157527,287.006038
1,6,A5,12,0.127098685,3.812909102,213.779988
1,6,A5,13,0.125995371,3.779809179,202.474562
1,6,A5,14,0.117896001,3.53682741,196.65053
1,6,A5,15,0.147561927,4.426793987,249.084533
1,6,A5,16,0.050979714,1.529366521,91.304668
1,6,A5,17,0.098448867,2.953425519,174.64829
1,6,A5,18,0.119468221,3.584000739,211.817156
1,6,A5,19,0.068188162,2.045617349,120.897611
1,6,A5,20,0.073992426,2.2197418,131.558533
1,6,A5,21,0.32827961,9.848265369,400.501124
,,,,,,
1,6,A6,1,0.147227197,4.416754289,261.917184
1,6,A6,2,0.148480563,4.454356935,262.068194
1,6,A6,3,0.157877338,4.736253006,277.864115
1,6,A6,4,0.144439353,4.333118369,252.335549
1,6,A6,5,0.16126891,4.837998928,284.317089
1,6,A6,6,0.051448115,1.543423546,91.114611
1,6,A6,7,0.016023157,0.480688894,28.537243
1,6,A6,8,0.025804262,0.77411313,45.260675
1,6,A6,9,0.011084118,0.332518763,19.618889
1,6,A6,10,0.058368982,1.75104537,103.254729
1,6,A6,11,0.132613052,3.978333678,215.628822
1,6,A6,12,0.131276748,3.938241309,207.548539
1,6,A6,13,0.118375766,3.551220828,182.890559
1,6,A6,14,0.131801557,3.953995,215.89095
1,6,A6,15,0.128562941,3.856834103,195.544233
1,6,A6,16,0.05510325,1.653074781,98.193992
1,6,A6,17,0.016674076,0.500214874,28.462648
1,6,A6,18,0.041310266,1.239291187,69.236005
1,6,A6,19,0.068246401,2.047362594,120.250158
1,6,A6,20,0.069628119,2.088813113,123.24177
1,6,A6,21,0.100346245,3.010343559,131.955312
,,,,,,
1,6,B1,1,0.120372509,3.611121539,215.105673
1,6,B1,2,0.117850961,3.535479313,211.071072
1,6,B1,3,0.14031672,4.209440417,249.202495
1,6,B1,4,0.133353453,4.0005475,236.835732
1,6,B1,5,0.148220503,4.446554681,260.275204
1,6,B1,6,0.045877411,1.376303694,81.34065
1,6,B1,7,0.027454368,0.823619382,48.896229
1,6,B1,8,0.022178398,0.665342594,38.812197
1,6,B1,9,0.047562069,1.42684661,84.184863
1,6,B1,10,0.043009488,1.290267278,76.169803
1,6,B1,11,0.059912667,1.797356648,105.80577
1,6,B1,12,0.054372659,1.631155682,96.076488
1,6,B1,13,0.088103838,2.643077482,149.776525
1,6,B1,14,0.101194814,3.03580208,179.5196
1,6,B1,15,0.094522214,2.835625552,164.279608
1,6,B1,16,0.044211563,1.32632966,79.359755
1,6,B1,17,0.042276495,1.268277012,75.125332
1,6,B1,18,0.050883396,1.526480124,90.368912
1,6,B1,19,0.091722228,2.751624035,162.073177
1,6,B1,20,0.082063516,2.46187175,144.431788
1,6,B1,21,0.132052818,3.961534446,175.23409
,,,,,,
1,6,B2,1,0.157536461,4.726027538,281.517656
1,6,B2,2,0.146512446,4.395312909,262.403791
1,6,B2,3,0.15642134,4.692573742,276.70935
1,6,B2,4,0.11982196,3.594607749,211.845225
1,6,B2,5,0.144401593,4.331983731,255.446418
1,6,B2,6,0.0837912,2.51370383,147.891468
1,6,B2,7,0.071180392,2.135382024,126.629917
1,6,B2,8,0.07523053,2.256885599,131.803888
1,6,B2,9,0.08436544,2.53092636,149.49556
1,6,B2,10,0.085558782,2.566727797,152.209073
1,6,B2,11,0.114637294,3.439070611,202.678736
1,6,B2,12,0.134350941,4.030472665,237.935516
1,6,B2,13,0.20018938,6.005603849,339.120809
1,6,B2,14,0.112874683,3.386191987,197.64357
1,6,B2,15,0.110088365,3.302606787,189.462076
1,6,B2,16,0.08993541,2.698025655,161.25419
1,6,B2,17,0.084467742,2.53399502,151.112791
1,6,B2,18,0.066997674,2.009902919,119.791841
1,6,B2,19,0.089101098,2.672998308,157.976247
1,6,B2,20,0.079165891,2.374945202,140.756955
1,6,B2,21,0.115330389,3.459869932,152.812766
,,,,,,
1,7,B3,1,0.136794425,4.103775917,243.220487
1,7,B3,2,0.145159881,4.35473635,256.49751
1,7,B3,3,0.134666851,4.039946522,233.108319
1,7,B3,4,0.139620871,4.18856524,241.125244
1,7,B3,5,0.124025316,3.720706908,216.176126
1,7,B3,6,0.08281515,2.484419134,145.340589
1,7,B3,7,0.008837404,0.265118718,15.721741
1,7,B3,8,0.016004648,0.480133566,28.008134
1,7,B3,9,0.024634816,0.739032664,43.554354
1,7,B3,10,0.046876398,1.406276203,82.830595
1,7,B3,11,0.154492562,4.634705822,248.887517
1,7,B3,12,0.110547313,3.316374825,173.448734
1,7,B3,13,0.132519487,3.975527704,202.622295
1,7,B3,14,0.127478797,3.824313264,208.172876
1,7,B3,15,0.161209775,4.836224171,243.910389
1,7,B3,16,0.0897794,2.693339514,151.368069
1,7,B3,17,0.083929933,2.517865128,131.266415
1,7,B3,18,0.122401299,3.671982791,200.003723
1,7,B3,19,0.13244323,3.973238401,212.83627
1,7,B3,20,0.204916469,6.147403484,327.046685
1,7,B3,21,0.210577652,6.317227875,209.103608
,,,,,,
1,7,B4,1,0.129665885,3.889920314,231.453605
1,7,B4,2,0.155580323,4.667344365,278.022038
1,7,B4,3,0.150883074,4.526430218,269.628053
1,7,B4,4,0.165887763,4.976562136,293.621341
1,7,B4,5,0.193361769,5.800770946,341.283522
1,7,B4,6,0.082104794,2.463105708,145.571799
1,7,B4,7,0.03969909,1.190955923,70.783477
1,7,B4,8,0.057958912,1.73874603,101.891767
1,7,B4,9,0.073494513,2.204805972,130.820233
1,7,B4,10,0.097331945,2.919916433,173.542858
1,7,B4,11,0.200693976,6.020730006,355.027644
1,7,B4,12,0.181982822,5.459399895,312.282523
1,7,B4,13,0.235430236,7.06280178,392.933064
1,7,B4,14,0.168585072,5.057493488,287.606132
1,7,B4,15,0.193506834,5.805123052,327.800577
1,7,B4,16,0.074931081,2.247895966,133.002668
1,7,B4,17,0.10498488,3.149498906,187.188041
1,7,B4,18,0.080975688,2.429239111,143.003065
1,7,B4,19,0.094952952,2.848549638,165.218136
1,7,B4,20,0.167283571,5.01842754,294.419085
1,7,B4,21,0.170862541,5.125797981,219.21664
,,,,,,
1,7,B5,1,0.174347161,5.230342515,311.209682
1,7,B5,2,0.132231649,3.966892766,235.240104
1,7,B5,3,0.142477416,4.274264353,254.322187
1,7,B5,4,0.139119256,4.173515435,246.519321
1,7,B5,5,0.149042767,4.471219408,261.719098
1,7,B5,6,0.045611238,1.368319183,79.317943
1,7,B5,7,0.085278707,2.558325133,150.858032
1,7,B5,8,0.114127983,3.423789892,200.180483
1,7,B5,9,0.108192703,3.245734994,192.15024
1,7,B5,10,0.111400154,3.341954986,198.403674
1,7,B5,11,0.25762287,7.728583495,447.490926
1,7,B5,12,0.142760734,4.282760066,239.26699
1,7,B5,13,0.199333405,5.97991583,316.940114
1,7,B5,14,0.175362486,5.260799568,300.395939
1,7,B5,15,0.216038201,6.48105438,370.937591
1,7,B5,16,0.071317287,2.139490857,124.805253
1,7,B5,17,0.08912256,2.67364142,156.32097
1,7,B5,18,0.057069229,1.712054685,100.498913
1,7,B5,19,0.024698461,0.740942277,43.938563
1,7,B5,20,0.109894327,3.296783083,194.29317
1,7,B5,21,0.246528975,7.39576104,315.310559
,,,,,,
1,7,B6,1,0.125196494,3.75584136,221.848187
1,7,B6,2,0.132641533,3.979190406,231.990042
1,7,B6,3,0.146395465,4.391799607,253.117759
1,7,B6,4,0.143984624,4.319483311,255.284738
1,7,B6,5,0.112579057,3.377322764,196.337876
1,7,B6,6,0.057355793,1.720650898,101.577109
1,7,B6,7,0.021755134,0.65264484,38.745893
1,7,B6,8,0.004857899,0.145734636,8.540187
1,7,B6,9,0.00553502,0.166048112,9.852335
1,7,B6,10,0.011523598,0.345702844,20.546575
1,7,B6,11,0.095208535,2.856217705,167.567022
1,7,B6,12,0.121044737,3.631291859,209.649484
1,7,B6,13,0.121258245,3.637696697,201.167428
1,7,B6,14,0.144882909,4.346423462,252.386027
1,7,B6,15,0.163890459,4.916644679,273.533176
1,7,B6,16,0.017837037,0.535102869,31.339674
1,7,B6,17,0.00548139,0.164439586,9.795244
1,7,B6,18,0.022480306,0.674397114,40.194787
1,7,B6,19,0.025811864,0.774349066,45.867683
1,7,B6,20,0.010113958,0.303414287,17.86125
1,7,B6,21,0.071144988,2.134324317,91.13673
,,,,,,
1,7,C1,1,0.137823846,4.134658276,245.464269
1,7,C1,2,0.174599216,5.237904019,312.357997
1,7,C1,3,0.167070085,5.012029378,298.220101
1,7,C1,4,0.162550163,4.876437164,289.98949
1,7,C1,5,0.165966467,4.978922906,292.432914
1,7,C1,6,0.068623744,2.058682544,121.120909
1,7,C1,7,0.062242204,1.867240998,110.355428
1,7,C1,8,0.101302308,3.039029293,177.785551
1,7,C1,9,0.049952541,1.498557015,88.515902
1,7,C1,10,0.092066628,2.761960006,164.154797
1,7,C1,11,0.146339351,4.390121535,255.508507
1,7,C1,12,0.176712326,5.301295441,310.483557
1,7,C1,13,0.159214505,4.776364295,266.525082
1,7,C1,14,0.160322847,4.809617818,280.725305
1,7,C1,15,0.164481356,4.934370747,288.335817
1,7,C1,16,0.019618592,0.588548964,35.215373
1,7,C1,17,0.005639958,0.169196339,10.089884
1,7,C1,18,0.01151307,0.345387037,20.631422
1,7,C1,19,0.059803736,1.79408765,104.596734
1,7,C1,20,0.097756057,2.932642975,171.170855
1,7,C1,21,0.156540396,4.696144371,200.215166
,,,,,,
1,7,C2,1,0.140154762,4.204582893,250.456559
1,7,C2,2,0.169487625,5.084553751,303.213361
1,7,C2,3,0.150734428,4.521968239,268.759485
1,7,C2,4,0.171042656,5.131204634,304.113843
1,7,C2,5,0.197875601,5.93618197,352.614321
1,7,C2,6,0.051610614,1.548298393,91.505619
1,7,C2,7,0.024426307,0.732778626,43.552105
1,7,C2,8,0.02590521,0.777145267,45.541359
1,7,C2,9,0.035243267,1.057283674,62.733015
1,7,C2,10,0.047914455,1.437414386,85.431474
1,7,C2,11,0.167491884,5.024682708,297.465586
1,7,C2,12,0.146566583,4.396936478,258.836585
1,7,C2,13,0.148724098,4.461659496,254.020759
1,7,C2,14,0.168303796,5.049037832,298.066022
1,7,C2,15,0.164350788,4.930460495,292.05135
1,7,C2,16,0.046842534,1.405256306,84.082349
1,7,C2,17,0.042015676,1.260453026,74.829919
1,7,C2,18,0.065940886,1.978202847,116.979132
1,7,C2,19,0.086681007,2.600397131,153.16534
1,7,C2,20,0.0793984,2.381918152,140.058777
1,7,C2,21,0.22838476,6.851445961,300.782729
,,,,,,
1,7,C3,1,0.10800778,3.240190309,192.361856
1,7,C3,2,0.103766788,3.11295787,183.667214
1,7,C3,3,0.11245789,3.373688359,198.038345
1,7,C3,4,0.10846558,3.253925213,193.285664
1,7,C3,5,0.131867116,3.955956772,229.976251
1,7,C3,6,0.043343234,1.300280588,75.894003
1,7,C3,7,0.043260346,1.2977927,76.26799
1,7,C3,8,0.079478368,2.384317464,136.941228
1,7,C3,9,0.113762439,3.412826011,199.653081
1,7,C3,10,0.127387779,3.821580419,215.794898
1,7,C3,11,0.140627677,4.218772923,236.254498
1,7,C3,12,0.142249793,4.267430545,245.523143
1,7,C3,13,0.106488793,3.194619041,167.719849
1,7,C3,14,0.095680315,2.870371547,154.045307
1,7,C3,15,0.114875481,3.446216218,193.794937
1,7,C3,16,0.089043136,2.671254557,159.654342
1,7,C3,17,0.080031546,2.400908598,142.696246
1,7,C3,18,0.060703143,1.821067506,108.294408
1,7,C3,19,0.090724619,2.721707374,160.310401
1,7,C3,20,0.075977876,2.279305803,134.328884
1,7,C3,21,0.315454331,9.463510859,393.056096
,,,,,,
1,7,C4,1,0.17285319,5.185526698,308.88865
1,7,C4,2,0.157082965,4.712423734,281.021424
1,7,C4,3,0.13366594,4.009920595,238.05904
1,7,C4,4,0.146513007,4.39532535,257.423353
1,7,C4,5,0.124064963,3.721894442,216.741491
1,7,C4,6,0.099921264,2.997592442,175.961346
1,7,C4,7,0.089045441,2.67132671,158.58993
1,7,C4,8,0.099883898,2.99647905,174.597053
1,7,C4,9,0.125614842,3.768391543,223.091959
1,7,C4,10,0.165647107,4.969341538,295.017497
1,7,C4,11,0.228244505,6.847244255,396.917195
1,7,C4,12,0.175251335,5.2574619,307.21559
1,7,C4,13,0.164599724,4.937925724,277.515135
1,7,C4,14,0.152139384,4.564119161,250.269287
1,7,C4,15,0.16206163,4.861785949,272.4256
1,7,C4,16,0.108546776,3.256366063,192.996168
1,7,C4,17,0.095607099,2.868173514,170.849886
1,7,C4,18,0.15546014,4.663740255,274.231687
1,7,C4,19,0.100129078,3.003831931,172.121885
1,7,C4,20,0.107587247,3.227572863,190.537014
1,7,C4,21,0.275539227,8.266058229,357.925456
1,,,,,,
1,7,C5,1,0.171841365,5.15517144,306.736837
1,7,C5,2,0.169649957,5.089426422,302.485874
1,7,C5,3,0.165675186,4.970185985,294.239131
1,7,C5,4,0.216509245,6.495184783,383.870892
1,7,C5,5,0.173241364,5.197168281,307.33018
1,7,C5,6,0.044529128,1.335854574,78.950144
1,7,C5,7,0.122271845,3.668105734,217.521612
1,7,C5,8,0.148741662,4.46218829,260.892875
1,7,C5,9,0.233348131,7.000347703,413.492888
1,7,C5,10,0.192955006,5.788565137,344.038775
1,7,C5,11,0.228326627,6.849700646,399.343271
1,7,C5,12,0.175160566,5.254743878,301.276174
1,7,C5,13,0.22398471,6.719443751,380.997991
1,7,C5,14,0.26260684,7.878102266,450.895945
1,7,C5,15,0.215162628,6.454788201,379.11655
1,7,C5,16,0.055802242,1.674044747,100.165024
1,7,C5,17,0.044706975,1.341190179,79.980779
1,7,C5,18,0.058840417,1.765188832,105.324347
1,7,C5,19,0.059716227,1.791461012,106.235168
1,7,C5,20,0.081215346,2.436426108,144.400886
1,7,C5,21,0.198014958,5.940366062,261.973789
