Trial,Dose,Well,Minute,MD ,MV,TD
1,1,A1,1,0.091274358,2.738192765,163.381101
1,1,A1,2,0.097848272,2.935405253,164.287249
1,1,A1,3,0.09411401,2.823380998,148.041337
1,1,A1,4,0.072856351,2.185661378,130.048587
1,1,A1,5,0.045858541,1.375738219,78.55568
1,1,A1,6,0.052845334,1.585337019,93.959003
1,1,A1,7,0.046303075,1.389073617,82.697292
1,1,A1,8,0.049532327,1.485948957,88.365672
1,1,A1,9,0.062448383,1.873424585,111.283018
1,1,A1,10,0.058752036,1.762535637,104.637376
1,1,A1,11,0.049930916,1.497907363,89.376339
1,1,A1,12,0.032003089,0.960078196,56.933496
1,1,A1,13,0.035437376,1.063107145,63.432903
1,1,A1,14,0.036452938,1.093573108,64.849777
1,1,A1,15,0.046992922,1.40976702,82.801528
1,1,A1,16,0.06691507,2.007424642,119.510315
1,1,A1,17,0.053340885,1.600204021,93.399889
1,1,A1,18,0.075975643,2.279236824,133.261278
1,1,A1,19,0.0612133,1.836374083,109.44938
1,1,A1,20,0.076597037,2.297879784,131.210724
1,1,A1,21,0.077858031,2.335709742,138.976585
1,1,A1,22,0.070823016,2.124661283,125.8525
1,1,A1,23,0.069690119,2.090673136,123.351511
1,1,A1,24,0.075409485,2.262252638,132.946922
1,1,A1,25,0.066827111,2.00478466,119.019085
1,1,A1,26,0.116198462,3.485893462,3.02116
,,,,,,
1,1,A2,1,0.035239846,1.057180946,61.493532
1,1,A2,2,0.043621631,1.308630749,75.68353
1,1,A2,3,0.068612342,2.058343046,116.229308
1,1,A2,4,0.057637732,1.729108888,101.557683
1,1,A2,5,0.062045262,1.861333324,110.316476
1,1,A2,6,0.079822183,2.394635382,141.205441
1,1,A2,7,0.14104766,4.231373953,250.500645
1,1,A2,8,0.232556996,6.976614849,409.067756
1,1,A2,9,0.289381091,8.681315734,512.783294
1,1,A2,10,0.324811785,9.744224858,572.967989
1,1,A2,11,0.288238984,8.647050357,508.741806
1,1,A2,12,0.22958556,6.887475134,410.039811
1,1,A2,13,0.185856268,5.575614192,330.266589
1,1,A2,14,0.172398695,5.171892515,308.421266
1,1,A2,15,0.139109576,4.173234108,247.893265
1,1,A2,16,0.114715739,3.44142787,205.226457
1,1,A2,17,0.215608801,6.468176308,380.765142
1,1,A2,18,0.255812348,7.674265535,427.974059
1,1,A2,19,0.26709318,8.012684498,470.885276
1,1,A2,20,0.266112971,7.983277668,470.221619
1,1,A2,21,0.24833203,7.449858937,441.53435
1,1,A2,22,0.164707325,4.941151604,293.67316
1,1,A2,23,0.118265408,3.547911895,211.576815
1,1,A2,24,0.07902417,2.370693664,141.058143
1,1,A2,25,0.049422293,1.482649377,88.021104
1,1,A2,26,0.015778423,0.473350385,0.410239
,,,,,,
1,1,A3,1,6.531294286,195.9358429,45.71906
1,1,A3,2,9.544087143,286.3164286,66.80861
1,1,A3,3,7.354224545,220.6234364,80.89647
1,1,A3,4,8.14375,244.3095714,57.00625
1,1,A3,5,9.882217778,296.4623333,88.93996
1,1,A3,6,6.7525699,202.57352,67.525699
1,1,A3,7,7.017147143,210.5103857,49.12003
1,1,A3,8,6.312271111,189.3669667,56.81044
1,1,A3,9,8.779537778,263.3824444,79.01584
1,1,A3,10,6.664102727,199.9194273,73.30513
1,1,A3,11,6.96712678,209.0112683,285.652198
1,1,A3,12,8.36246,250.8686667,25.08738
1,1,A3,13,9.129693333,273.8896667,27.38908
1,1,A3,14,7.983066667,239.48885,47.8984
1,1,A3,15,7.282384,218.4682,36.41192
1,1,A3,16,7.808296667,234.2443333,46.84978
1,1,A3,17,4.304341429,129.1282286,30.13039
1,1,A3,18,8.23996125,247.1949,65.91969
1,1,A3,19,5.398908333,161.9641,32.39345
1,1,A3,20,5.331748182,159.9498818,58.64923
1,1,A3,21,8.719315273,261.5756091,191.824936
1,1,A3,22,7.912195,237.3608333,47.47317
1,1,A3,23,7.4289176,222.86476,37.144588
1,1,A3,24,7.5225125,225.673925,90.27015
1,1,A3,25,7.337708182,220.1273273,80.71479
1,1,A3,26,,,
1,,,,,,
1,1,A4,1,0.035775142,1.073239192,62.427622
1,1,A4,2,0.044177721,1.325312219,76.648346
1,1,A4,3,0.048920581,1.467596582,82.871465
1,1,A4,4,0.070264288,2.107898655,123.805676
1,1,A4,5,0.087641767,2.62921518,155.827062
1,1,A4,6,0.074933014,2.247958106,132.556501
1,1,A4,7,0.116506837,3.495155682,206.683129
1,1,A4,8,0.116880676,3.506367842,205.82687
1,1,A4,9,0.117194048,3.515773027,207.902242
1,1,A4,10,0.149381861,4.481394572,265.003422
1,1,A4,11,0.062478672,1.874333936,110.962122
1,1,A4,12,0.034618371,1.038536366,61.82841
1,1,A4,13,0.093174467,2.795195846,165.757376
1,1,A4,14,0.072082795,2.162453633,128.956121
1,1,A4,15,0.059211127,1.776310943,105.514228
1,1,A4,16,0.043824674,1.314721146,78.402342
1,1,A4,17,0.037481719,1.124436134,66.417606
1,1,A4,18,0.042729904,1.281878546,71.40167
1,1,A4,19,0.03985846,1.195737306,70.429899
1,1,A4,20,0.080049579,2.40145229,142.248101
1,1,A4,21,0.101470712,3.044079798,181.226692
1,1,A4,22,0.099685578,2.990525362,177.739386
1,1,A4,23,0.089154707,2.674605115,159.49777
1,1,A4,24,0.088665369,2.659921574,158.267683
1,1,A4,25,0.091390177,2.741668198,162.765906
1,1,A4,26,0.088068077,2.642006538,2.28977
,,,,,,
1,1,A5,1,0.00553648,0.166092201,9.9103
1,1,A5,2,0.006106658,0.183197082,10.253078
1,1,A5,3,0.008103944,0.243114774,12.747504
1,1,A5,4,0.030901686,0.927036594,55.15951
1,1,A5,5,0.123895463,3.716808377,212.232928
1,1,A5,6,0.097345899,2.920333791,173.081008
1,1,A5,7,0.032642639,0.979265868,58.299754
1,1,A5,8,0.053801872,1.61403407,95.982539
1,1,A5,9,0.080430971,2.412897037,143.327991
1,1,A5,10,0.104842928,3.145242066,186.725255
1,1,A5,11,0.127479354,3.824327891,227.933085
1,1,A5,12,0.114733855,3.441968149,203.88206
1,1,A5,13,0.109823399,3.294655877,196.583885
1,1,A5,14,0.113947611,3.418381199,202.484904
1,1,A5,15,0.123966455,3.718941555,218.428894
1,1,A5,16,0.104993601,3.149763617,187.518571
1,1,A5,17,0.12602594,3.780726003,220.419369
1,1,A5,18,0.148341963,4.450195342,260.191803
1,1,A5,19,0.150762898,4.522821218,268.659485
1,1,A5,20,0.161690733,4.850654518,276.652844
1,1,A5,21,0.179718863,5.391487366,319.360419
1,1,A5,22,0.173098611,5.19288603,306.55764
1,1,A5,23,0.165864143,4.975854853,292.584348
1,1,A5,24,0.160972501,4.82910641,283.79452
1,1,A5,25,0.127969088,3.839016957,227.912945
1,1,A5,26,0.065949692,1.978470385,1.714692
1,,,,,,
1,2,A6,1,0.181896213,5.456808777,325.594221
1,2,A6,2,0.177710007,5.331221537,298.375102
1,2,A6,3,0.177976743,5.339230871,279.957416
1,2,A6,4,0.176469282,5.294004599,314.997668
1,2,A6,5,0.131429678,3.94283547,225.139038
1,2,A6,6,0.180853089,5.425519291,321.556792
1,2,A6,7,0.16540811,4.962172968,295.418885
1,2,A6,8,0.162616293,4.878423346,290.107467
1,2,A6,9,0.171206112,5.136113378,305.089292
1,2,A6,10,0.143466473,4.303932878,255.226856
1,2,A6,11,0.124780361,3.743357251,221.984262
1,2,A6,12,0.123555611,3.706617504,219.805432
1,2,A6,13,0.127775213,3.833205531,228.717631
1,2,A6,14,0.055960685,1.678796882,99.442138
1,2,A6,15,0.053652649,1.609557628,94.535967
1,2,A6,16,0.065783348,1.973474115,117.48906
1,2,A6,17,0.107580201,3.227358983,188.372932
1,2,A6,18,0.148651591,4.45948886,260.73489
1,2,A6,19,0.158944151,4.76825841,283.874254
1,2,A6,20,0.166777491,5.003255908,285.689842
1,2,A6,21,0.077814773,2.334412151,138.89937
1,2,A6,22,0.057261609,1.717823945,101.753879
1,2,A6,23,0.029114335,0.87341735,51.532373
1,2,A6,24,0.047305069,1.419132065,83.398837
1,2,A6,25,0.02961313,0.888380977,52.740984
1,2,A6,26,0,0,0
1,,,,,,
1,2,B1,1,0.046212077,1.386343218,82.719617
1,2,B1,2,0.046608968,1.39825131,78.256458
1,2,B1,3,0.066201912,1.986031526,104.135607
1,2,B1,4,0.058260188,1.747780768,103.994435
1,2,B1,5,0.036725961,1.101763818,62.911572
1,2,B1,6,0.048424156,1.452703352,86.098149
1,2,B1,7,0.035591433,1.067729614,63.5663
1,2,B1,8,0.027950666,0.83850796,49.863989
1,2,B1,9,0.027835947,0.835068075,49.603658
1,2,B1,10,0.024931245,0.747925867,44.402548
1,2,B1,11,0.042228761,1.266845134,75.589483
1,2,B1,12,0.058626338,1.758766009,104.296255
1,2,B1,13,0.133581369,4.007379698,239.110651
1,2,B1,14,0.236495255,7.094759292,420.725058
1,2,B1,15,0.244650451,7.339409921,431.074094
1,2,B1,16,0.059858278,1.795723651,106.906884
1,2,B1,17,0.144709766,4.341232433,252.807962
1,2,B1,18,0.176163159,5.284820914,308.461692
1,2,B1,19,0.205312829,6.159300352,367.099338
1,2,B1,20,0.212424202,6.372636591,363.882658
1,2,B1,21,0.209500412,6.284924459,373.958236
1,2,B1,22,0.221220285,6.636515372,392.444786
1,2,B1,23,0.23917154,7.175044514,423.333625
1,2,B1,24,0.240738891,7.222065752,424.422665
1,2,B1,25,0.229414803,6.88234722,407.670105
1,2,B1,26,0.109334654,3.279992308,2.842701
,,,,,,
1,2,B2,1,0.072013103,2.160363369,128.903455
1,2,B2,2,0.075477646,2.264298719,126.726967
1,2,B2,3,0.074312182,2.229336586,116.893062
1,2,B2,4,0.052978809,1.589342224,94.567174
1,2,B2,5,0.029571849,0.887141594,50.656578
1,2,B2,6,0.036655507,1.099649888,65.173491
1,2,B2,7,0.047085994,1.412560101,84.095585
1,2,B2,8,0.070447089,2.113384322,125.677607
1,2,B2,9,0.065957985,1.978712351,117.537129
1,2,B2,10,0.057302867,1.719062179,102.056407
1,2,B2,11,0.057534927,1.726023458,102.987519
1,2,B2,12,0.0578858,1.736549933,102.978838
1,2,B2,13,0.03572842,1.071837436,63.953872
1,2,B2,14,0.031114211,0.933412473,55.352182
1,2,B2,15,0.015249022,0.457463956,26.868776
1,2,B2,16,0.029151214,0.874523024,52.064068
1,2,B2,17,0.040645923,1.219361108,71.171011
1,2,B2,18,0.032741702,0.982238512,57.428945
1,2,B2,19,0.048268924,1.448046281,86.304836
1,2,B2,20,0.032880046,0.986387531,56.323519
1,2,B2,21,0.024789945,0.74368893,44.250052
1,2,B2,22,0.021870914,0.656117693,38.864615
1,2,B2,23,0.014960666,0.448813339,26.480378
1,2,B2,24,0.005962366,0.178867833,10.511651
1,2,B2,25,0.002044739,0.061341494,3.64168
1,2,B2,26,0,0,0
,,,,,,
1,2,B3,1,0.126238655,3.787107408,225.967193
1,2,B3,2,0.135353616,4.060549124,227.258722
1,2,B3,3,0.196475235,5.89417302,309.055545
1,2,B3,4,0.167373682,5.021142773,298.762022
1,2,B3,5,0.146118007,4.383482242,250.300146
1,2,B3,6,0.127355933,3.820624078,226.438848
1,2,B3,7,0.131698077,3.950887749,235.212766
1,2,B3,8,0.177770618,5.333042707,317.142782
1,2,B3,9,0.166059524,4.981712542,295.918072
1,2,B3,10,0.187005773,5.610095997,333.057281
1,2,B3,11,0.183060993,5.491754631,327.679177
1,2,B3,12,0.163862648,4.915809601,291.511651
1,2,B3,13,0.154961008,4.64876566,277.070283
1,2,B3,14,0.183943008,5.51821158,327.234611
1,2,B3,15,0.185529307,5.565795563,326.53158
1,2,B3,16,0.150313896,4.50935598,268.460618
1,2,B3,17,0.132998043,3.989883934,232.613578
1,2,B3,18,0.150615835,4.518412668,264.180174
1,2,B3,19,0.161986872,4.859533607,289.632527
1,2,B3,20,0.168317252,5.049445651,288.327453
1,2,B3,21,0.175567359,5.266943423,313.387736
1,2,B3,22,0.176177477,5.285247434,313.067377
1,2,B3,23,0.149233297,4.476935351,263.844469
1,2,B3,24,0.148391791,4.451692135,261.317944
1,2,B3,25,0.134529545,4.035829809,239.597119
1,2,B3,26,0.226001846,6.779960769,5.876048
,,,,,,
1,2,B4,1,0.080307278,2.409185335,143.750027
1,2,B4,2,0.086921851,2.607620262,145.941788
1,2,B4,3,0.103218592,3.096512575,162.362846
1,2,B4,4,0.104860521,3.145770796,187.17603
1,2,B4,5,0.103959262,3.118734804,178.082216
1,2,B4,6,0.059419963,1.7825741,105.648695
1,2,B4,7,0.060254433,1.807605761,107.614417
1,2,B4,8,0.040535104,1.216036373,72.314625
1,2,B4,9,0.021868116,0.656033923,38.968983
1,2,B4,10,0.026559327,0.796768276,47.302162
1,2,B4,11,0.058707027,1.761188026,104.968165
1,2,B4,12,0.104764752,3.142899185,186.376494
1,2,B4,13,0.117131975,3.51390919,209.666235
1,2,B4,14,0.136670972,4.100070489,243.13766
1,2,B4,15,0.113775939,3.413232494,200.245653
1,2,B4,16,0.059556149,1.78665986,106.367283
1,2,B4,17,0.029557535,0.8867147,51.755244
1,2,B4,18,0.033296632,0.998884407,58.402292
1,2,B4,19,0.034432123,1.032950425,61.564636
1,2,B4,20,0.03547798,1.064324571,60.773779
1,2,B4,21,0.045607321,1.368200303,81.409068
1,2,B4,22,0.089607452,2.688186263,159.232442
1,2,B4,23,0.090259335,2.707741624,159.488245
1,2,B4,24,0.06839818,2.051916841,120.585991
1,2,B4,25,0.07433379,2.229982487,132.38848
1,2,B4,26,0.024245923,0.727363077,0.630394
,,,,,,
1,2,B5,1,0.01789202,0.536753184,32.026715
1,2,B5,2,0.016387993,0.491632228,27.515441
1,2,B5,3,0.013879437,0.416377076,21.832355
1,2,B5,4,0.016502732,0.495075249,29.457376
1,2,B5,5,0.022449219,0.673466328,38.455512
1,2,B5,6,0.061812871,1.854359792,109.903284
1,2,B5,7,0.068856843,2.065675073,122.978322
1,2,B5,8,0.033508543,1.005243105,59.779241
1,2,B5,9,0.011002012,0.330055617,19.605586
1,2,B5,10,0.019042474,0.571265463,33.914647
1,2,B5,11,0.0037625,0.112873788,6.734875
1,2,B5,12,0.006894696,0.206838404,12.265664
1,2,B5,13,0.010337707,0.310126693,18.504495
1,2,B5,14,0.01959567,0.587861062,34.860697
1,2,B5,15,0.016699733,0.500985023,29.42493
1,2,B5,16,0.018483244,0.55449014,33.011073
1,2,B5,17,0.011074287,0.332224409,19.391077
1,2,B5,18,0.037300449,1.118997668,65.424987
1,2,B5,19,0.046585122,1.397532668,83.294199
1,2,B5,20,0.054671472,1.640120806,93.652232
1,2,B5,21,0.033159913,0.994783322,59.190445
1,2,B5,22,0.044139799,1.324176382,78.436422
1,2,B5,23,0.064495181,1.934827,114.15647
1,2,B5,24,0.072343223,2.170267192,127.541103
1,2,B5,25,0.07384841,2.215422538,131.524019
1,2,B5,26,0.034343846,1.030300769,0.89294
,,,,,,
1,2,B6,1,0.170760492,5.122742201,305.661281
1,2,B6,2,0.200289647,6.008604556,336.286318
1,2,B6,3,0.17510331,5.253026122,275.437506
1,2,B6,4,0.185605779,5.568095182,331.306316
1,2,B6,5,0.187862546,5.635797402,321.808541
1,2,B6,6,0.16918196,5.075387705,300.805524
1,2,B6,7,0.192221471,5.766560571,343.307548
1,2,B6,8,0.189802003,5.69398708,338.606773
1,2,B6,9,0.180030493,5.400838614,320.814339
1,2,B6,10,0.189886586,5.69651662,338.188009
1,2,B6,11,0.184553051,5.536517869,329.980856
1,2,B6,12,0.185159979,5.554720545,329.399602
1,2,B6,13,0.185295273,5.558777271,331.307948
1,2,B6,14,0.20095751,6.028641992,357.101495
1,2,B6,15,0.188798456,5.663872639,332.662879
1,2,B6,16,0.181294329,5.438753108,322.522611
1,2,B6,17,0.155158848,4.654701795,271.372826
1,2,B6,18,0.167468671,5.023991097,293.070174
1,2,B6,19,0.164067231,4.921947693,293.024074
1,2,B6,20,0.18806772,5.641950473,322.160004
1,2,B6,21,0.176556105,5.296610062,314.799535
1,2,B6,22,0.173081923,5.192386614,307.220413
1,2,B6,23,0.182712053,5.481282907,323.034909
1,2,B6,24,0.169274377,5.078161004,298.430726
1,2,B6,25,0.196951358,5.908457886,350.376466
1,2,B6,26,0.125106038,3.753152692,3.252757
,,,,,,
1,2,C1,1,0.138387227,4.15155905,247.713136
1,2,C1,2,0.122265531,3.667915068,205.283827
1,2,C1,3,0.151705104,4.551088614,238.632129
1,2,C1,4,0.132487456,3.974566975,236.490109
1,2,C1,5,0.139481355,4.184380736,238.931561
1,2,C1,6,0.136566731,4.096946333,242.815648
1,2,C1,7,0.126183875,3.785462133,225.364401
1,2,C1,8,0.111664667,3.349890633,199.209766
1,2,C1,9,0.115625959,3.468730404,206.045459
1,2,C1,10,0.11017106,3.305083756,196.214657
1,2,C1,11,0.100652408,3.019529525,179.966505
1,2,C1,12,0.113430098,3.402855902,201.792145
1,2,C1,13,0.091449908,2.743459955,163.695335
1,2,C1,14,0.069710465,2.09128398,124.014918
1,2,C1,15,0.048990089,1.469682123,86.320537
1,2,C1,16,0.07676781,2.302999568,136.800237
1,2,C1,17,0.095559162,2.866734866,167.132975
1,2,C1,18,0.076360457,2.290780775,133.936242
1,2,C1,19,0.037310404,1.119296534,66.636381
1,2,C1,20,0.023596709,0.707891156,40.421163
1,2,C1,21,0.029939468,0.898170437,53.44195
1,2,C1,22,0.019434988,0.583041604,34.535974
1,2,C1,23,0.016214723,0.486435627,28.70006
1,2,C1,24,0.018298195,0.548939359,32.259717
1,2,C1,25,0.017576097,0.527275952,31.303029
1,2,C1,26,0.035516346,1.065475769,0.923425
,,,,,,
1,3,A1,1,0.109513081,3.285345244,191.100327
1,3,A1,2,0.126421572,3.792594045,219.088585
1,3,A1,3,0.136257371,4.087664752,230.819986
1,3,A1,4,0.143290663,4.298658091,252.191567
1,3,A1,5,0.135398059,4.061884628,240.196156
1,3,A1,6,0.119604336,3.588079197,211.58007
1,3,A1,7,0.132573545,3.977150485,234.920321
1,3,A1,8,0.151987657,4.559565281,267.346289
1,3,A1,9,0.162166745,4.864929667,287.359473
1,3,A1,10,0.136715768,4.101416392,242.533772
1,3,A1,11,0.151245623,4.537305906,267.09977
1,3,A1,12,0.137674897,4.130189185,245.061316
1,3,A1,13,0.146425836,4.392711827,259.613008
1,3,A1,14,0.144089035,4.322610415,256.910749
1,3,A1,15,0.145559532,4.3667224,258.36817
1,3,A1,16,0.140782647,4.223421068,249.044502
1,3,A1,17,0.120637459,3.619072618,212.925116
1,3,A1,18,0.135039364,4.051121453,224.030305
1,3,A1,19,0.192258912,5.767689478,338.952461
1,3,A1,20,0.16888449,5.066465308,298.756662
1,3,A1,21,0.153755613,4.612604099,268.918567
1,3,A1,22,0.167673982,5.030149714,293.597143
1,3,A1,23,0.153493721,4.604745225,269.074493
1,3,A1,24,0.163016157,4.890418915,287.071452
1,3,A1,25,0.138939843,4.168135442,245.367762
1,3,A1,26,0.134912346,4.047303077,3.507721
,,,,,,
1,3,A2,1,0.027266852,0.817993433,47.580657
1,3,A2,2,0.038436587,1.15308132,66.687479
1,3,A2,3,0.023238222,0.697136499,39.365548
1,3,A2,4,0.021781251,0.65342895,38.378565
1,3,A2,5,0.081627431,2.448786075,144.970318
1,3,A2,6,0.082897205,2.486880509,146.645156
1,3,A2,7,0.103520893,3.10558317,183.853106
1,3,A2,8,0.122255364,3.667609813,215.291696
1,3,A2,9,0.102692878,3.080742632,182.177165
1,3,A2,10,0.081519786,2.445558089,144.6161
1,3,A2,11,0.084440906,2.533191058,149.291521
1,3,A2,12,0.069178997,2.075342368,123.276972
1,3,A2,13,0.066717565,2.001499393,118.690549
1,3,A2,14,0.035997221,1.079901482,64.111051
1,3,A2,15,0.037930731,1.137905388,67.516702
1,3,A2,16,0.017941732,0.538244617,31.631273
1,3,A2,17,0.032633176,0.978981657,56.52066
1,3,A2,18,0.073417776,2.202503934,119.81781
1,3,A2,19,0.103778593,3.113310789,182.754103
1,3,A2,20,0.073655889,2.209647322,129.560708
1,3,A2,21,0.075347753,2.260401698,133.139479
1,3,A2,22,0.09143074,2.742884454,161.740979
1,3,A2,23,0.371317309,11.13936774,656.860319
1,3,A2,24,0.141651062,4.249471653,251.99724
1,3,A2,25,0.000322206,0.009665985,0.573849
1,3,A2,26,0,0,0
,,,,,,
1,3,A3,1,0.046129217,1.383855634,80.818389
1,3,A3,2,0.040579833,1.217376207,72.110363
1,3,A3,3,0.029710965,0.891317748,48.815115
1,3,A3,4,0.033683233,1.010483318,44.461867
1,3,A3,5,0.031166806,0.934990185,55.695082
1,3,A3,6,0.150634622,4.518972749,255.928223
1,3,A3,7,0.189892596,5.696696875,337.818929
1,3,A3,8,0.204985075,6.149466873,365.078419
1,3,A3,9,0.211866228,6.355895789,375.850689
1,3,A3,10,0.184310472,5.529237499,327.151088
1,3,A3,11,0.135591846,4.067698263,242.031446
1,3,A3,12,0.121083389,3.632449349,215.891683
1,3,A3,13,0.084829719,2.544857096,150.148603
1,3,A3,14,0.076866237,2.305954851,136.745035
1,3,A3,15,0.042704789,1.281124541,75.801
1,3,A3,16,0.020889619,0.626680909,37.246191
1,3,A3,17,0.015217462,0.456517605,27.132734
1,3,A3,18,0.027031003,0.810918331,48.088155
1,3,A3,19,0.031975478,0.959249545,56.948327
1,3,A3,20,0.071403449,2.142075382,127.883578
1,3,A3,21,0.066592416,1.99774472,114.006217
1,3,A3,22,0.08457612,2.537248994,150.545493
1,3,A3,23,0.112121228,3.363589174,199.463665
1,3,A3,24,0.107872904,3.236140543,192.876752
1,3,A3,25,0.11412567,3.423722403,203.714321
1,3,A3,26,0.187475,5.624178462,4.87435
1,3,,,,,
1,3,A4,1,0.078552869,2.356553926,137.074756
1,3,A4,2,0.096617771,2.898492193,167.438598
1,3,A4,3,0.107808045,3.234198097,182.411212
1,3,A4,4,0.125842096,3.775207591,220.97872
1,3,A4,5,0.110327941,3.309792807,196.163079
1,3,A4,6,0.090232454,2.706935896,159.621212
1,3,A4,7,0.10917293,3.275140191,193.891124
1,3,A4,8,0.137813195,4.134341164,242.689037
1,3,A4,9,0.120319269,3.609526789,213.92766
1,3,A4,10,0.124184572,3.72548183,220.5518
1,3,A4,11,0.114828025,3.44479104,199.915591
1,3,A4,12,0.113321831,3.399609786,201.486215
1,3,A4,13,0.112573485,3.377156383,196.10301
1,3,A4,14,0.120451025,3.613481402,210.548391
1,3,A4,15,0.136100156,4.082945927,239.264075
1,3,A4,16,0.125279698,3.758338165,222.622023
1,3,A4,17,0.173264966,5.197880915,306.67899
1,3,A4,18,0.095404786,2.862104045,159.421398
1,3,A4,19,0.02485849,0.745744327,43.949811
1,3,A4,20,0.070685641,2.120538693,125.467013
1,3,A4,21,0.105708131,3.171200612,182.980774
1,3,A4,22,0.128815122,3.864399237,224.395942
1,3,A4,23,0.117363055,3.520843407,201.160276
1,3,A4,24,0.125687773,3.770579813,215.554531
1,3,A4,25,0.109312574,3.279330203,188.017627
1,3,A4,26,0.018283333,0.548489167,0.2194
1,3,,,,,
1,3,A5,1,0.146763603,4.402844498,255.80896
1,3,A5,2,0.135811291,4.074280565,235.63259
1,3,A5,3,0.141085896,4.232515655,238.999508
1,3,A5,4,0.134141363,4.024184636,236.088799
1,3,A5,5,0.130565715,3.916919156,232.145841
1,3,A5,6,0.124171689,3.725096425,218.790516
1,3,A5,7,0.136616217,4.098429943,241.674087
1,3,A5,8,0.143957781,4.318671167,250.342582
1,3,A5,9,0.161151645,4.834481096,283.788046
1,3,A5,10,0.146957541,4.408665057,257.469612
1,3,A5,11,0.148406034,4.452120802,258.968529
1,3,A5,12,0.160755871,4.822611121,278.268412
1,3,A5,13,0.15676336,4.702835582,268.222109
1,3,A5,14,0.115690001,3.470650556,195.747482
1,3,A5,15,0.136757061,4.102655208,233.170789
1,3,A5,16,0.119275141,3.578205329,206.584545
1,3,A5,17,0.125389244,3.76162155,217.675728
1,3,A5,18,0.11039786,3.311890271,175.422199
1,3,A5,19,0.113265862,3.397927712,187.115204
1,3,A5,20,0.136598361,4.097896484,238.910533
1,3,A5,21,0.166283544,4.988437287,279.522637
1,3,A5,22,0.146505808,4.39511373,252.136496
1,3,A5,23,0.137033348,4.11094327,231.312291
1,3,A5,24,0.138152206,4.14450786,236.931033
1,3,A5,25,0.14303872,4.291101836,245.454443
1,3,A5,26,0.169645462,5.089288846,4.410782
1,3,,,,,
1,3,A6,1,0.026099348,0.782968371,45.491163
1,3,A6,2,0.017633054,0.528983764,30.593349
1,3,A6,3,0.057271257,1.718113259,97.017509
1,3,A6,4,0.035297459,1.058909336,62.194123
1,3,A6,5,0.039070205,1.172089933,69.466824
1,3,A6,6,0.061561518,1.846821498,108.902326
1,3,A6,7,0.058041823,1.741231903,103.082277
1,3,A6,8,0.056166134,1.684961062,98.908562
1,3,A6,9,0.053974047,1.619199348,95.965855
1,3,A6,10,0.054636879,1.639085242,96.925824
1,3,A6,11,0.041189796,1.235675582,72.53523
1,3,A6,12,0.029386944,0.881596318,52.191212
1,3,A6,13,0.02167909,0.650364288,38.523743
1,3,A6,14,0.031742203,0.952253255,56.659833
1,3,A6,15,0.023654188,0.709614467,41.938876
1,3,A6,16,0.007074564,0.212234472,12.656395
1,3,A6,17,0.008897912,0.266933115,15.7671
1,3,A6,18,0.018068203,0.542038939,30.300376
1,3,A6,19,0.022655448,0.679654143,40.032177
1,3,A6,20,0.023531788,0.705944957,41.157097
1,3,A6,21,0.067849952,2.035468322,120.908615
1,3,A6,22,0.065192619,1.955750684,116.238439
1,3,A6,23,0.068186599,2.045570291,121.713079
1,3,A6,24,0.064495711,1.934843115,115.124845
1,3,A6,25,0.047942117,1.438243268,85.384911
1,3,A6,26,0.112410731,3.372286923,2.922679
1,3,,,,,
1,3,B1,1,0.019958015,0.598730831,34.826736
1,3,B1,2,0.017235476,0.517055476,29.903551
1,3,B1,3,0.050771689,1.523130177,86.007241
1,3,B1,4,0.09716502,2.914909869,171.204765
1,3,B1,5,0.062413707,1.872385434,110.846743
1,3,B1,6,0.043649749,1.309473755,76.954508
1,3,B1,7,0.036612735,1.098366813,65.024217
1,3,B1,8,0.037221202,1.116619699,65.472095
1,3,B1,9,0.038354507,1.150619114,67.964186
1,3,B1,10,0.039163957,1.174902362,69.47686
1,3,B1,11,0.039072852,1.172167799,68.690073
1,3,B1,12,0.049062536,1.471856597,87.233189
1,3,B1,13,0.058442541,1.753251873,103.26797
1,3,B1,14,0.070067214,2.101985903,124.50944
1,3,B1,15,0.080230397,2.406878436,142.649646
1,3,B1,16,0.015385755,0.461565547,27.155857
1,3,B1,17,0.011240724,0.337217248,19.648785
1,3,B1,18,0.043290143,1.298685968,72.251248
1,3,B1,19,0.045785102,1.3735348,81.176985
1,3,B1,20,0.049413144,1.482374423,87.807156
1,3,B1,21,0.07322513,2.196725158,129.754931
1,3,B1,22,0.044593623,1.337790499,79.510429
1,3,B1,23,0.017889547,0.536679285,32.004399
1,3,B1,24,0.017863907,0.535909798,31.887074
1,3,B1,25,0.057479063,1.724348078,102.255253
1,3,B1,26,0.047850462,1.435491154,1.244112
,,,,,,
1,3,B2,1,0.141224689,4.236677456,246.437083
1,3,B2,2,0.137555051,4.126593364,238.382903
1,3,B2,3,0.147416713,4.422437665,249.429079
1,3,B2,4,0.126386538,3.791544847,222.69308
1,3,B2,5,0.137926864,4.137748628,245.233965
1,3,B2,6,0.127664068,3.829869033,225.837737
1,3,B2,7,0.15660805,4.698174576,277.196249
1,3,B2,8,0.211866975,6.355916944,372.250275
1,3,B2,9,0.1814551,5.44357526,321.538438
1,3,B2,10,0.172612815,5.178311387,306.215134
1,3,B2,11,0.136572362,4.097113552,239.547923
1,3,B2,12,0.140490751,4.214663131,249.511574
1,3,B2,13,0.129417056,3.882454008,228.291687
1,3,B2,14,0.124923998,3.74766598,221.2404
1,3,B2,15,0.132993905,3.989759097,235.6652
1,3,B2,16,0.111350789,3.340476725,197.202248
1,3,B2,17,0.134747651,4.042371863,236.482128
1,3,B2,18,0.124432127,3.732910054,207.179492
1,3,B2,19,0.125582396,3.767419403,220.773852
1,3,B2,20,0.135539527,4.066129098,237.465252
1,3,B2,21,0.133806963,4.014153176,232.556501
1,3,B2,22,0.124227327,3.72676575,217.770504
1,3,B2,23,0.102263749,3.067873913,180.086462
1,3,B2,24,0.125620312,3.768558294,220.840508
1,3,B2,25,0.125263872,3.757862365,218.71072
1,3,B2,26,0.183386577,5.501528462,4.768051
,,,,,,
1,3,B3,1,0.011104183,0.333121203,19.3768
1,3,B3,2,0.009440562,0.283213089,16.379375
1,3,B3,3,0.009848696,0.29545644,16.683691
1,3,B3,4,0.033578158,1.007327883,59.164715
1,3,B3,5,0.018593331,0.557791678,33.021755
1,3,B3,6,0.016330887,0.489919887,28.889339
1,3,B3,7,0.05173366,1.55198814,91.775512
1,3,B3,8,0.068366791,2.050977131,119.846984
1,3,B3,9,0.070380993,2.111398388,124.01131
1,3,B3,10,0.073503935,2.205086747,128.778894
1,3,B3,11,0.080260874,2.407793066,141.098617
1,3,B3,12,0.054871517,1.646121085,97.561557
1,3,B3,13,0.05100708,1.530191399,90.435553
1,3,B3,14,0.043965687,1.31895249,78.39082
1,3,B3,15,0.035163833,1.054899618,62.591623
1,3,B3,16,0.036937672,1.108114661,66.007619
1,3,B3,17,0.074268343,2.228019909,131.157893
1,3,B3,18,0.082100139,2.462968917,137.189333
1,3,B3,19,0.087616603,2.6284634,154.117604
1,3,B3,20,0.103749607,3.112445532,183.221806
1,3,B3,21,0.130342113,3.910205807,230.053829
1,3,B3,22,0.101384945,3.041504874,180.769357
1,3,B3,23,0.090198578,2.705919524,161.004461
1,3,B3,24,0.083858425,2.515718555,149.687288
1,3,B3,25,0.088535036,2.656015087,157.6809
1,3,B3,26,0.126409731,3.792237308,3.286653
,,,,,,
1,3,B4,1,0.011780261,0.353402195,20.556556
1,3,B4,2,0.016151947,0.48455136,28.023628
1,3,B4,3,0.017251919,0.51755075,29.22475
1,3,B4,4,0.014140385,0.424204824,24.915359
1,3,B4,5,0.026783773,0.803501727,47.621549
1,3,B4,6,0.029164025,0.874909259,51.591161
1,3,B4,7,0.043349427,1.300463925,76.988582
1,3,B4,8,0.05125718,1.537692664,90.058866
1,3,B4,9,0.065423609,1.962679589,116.323176
1,3,B4,10,0.051187343,1.535598339,90.601597
1,3,B4,11,0.043376183,1.301267294,76.775844
1,3,B4,12,0.01934684,0.580396842,34.553457
1,3,B4,13,0.023128689,0.693850461,41.145937
1,3,B4,14,0.025590962,0.767719373,45.679867
1,3,B4,15,0.023819103,0.714562699,42.445641
1,3,B4,16,0.027113243,0.813385662,48.505591
1,3,B4,17,0.034988649,1.049644486,61.929909
1,3,B4,18,0.024103173,0.72308538,40.324608
1,3,B4,19,0.032657778,0.979719711,57.575662
1,3,B4,20,0.042416989,1.27249354,75.120487
1,3,B4,21,0.041159926,1.234780382,72.23567
1,3,B4,22,0.053629505,1.608863542,95.085112
1,3,B4,23,0.082416959,2.472476003,147.443939
1,3,B4,24,0.064473153,1.93416809,115.084578
1,3,B4,25,0.052535647,1.576046803,92.672882
1,3,B4,26,0,0,0
,,,,,,
,,,,,,
1,4,B5,1,0.023485292,0.704547633,40.981834
1,4,B5,2,0.019994085,0.599814778,34.689738
1,4,B5,3,0.019039132,0.571165909,32.25229
1,4,B5,4,0.024294518,0.728824875,42.80694
1,4,B5,5,0.021625211,0.648746192,38.449626
1,4,B5,6,0.093367244,2.800978389,165.166655
1,4,B5,7,0.090636026,2.719041582,160.969582
1,4,B5,8,0.088656409,2.659656902,155.946624
1,4,B5,9,0.121058897,3.631717621,214.274248
1,4,B5,10,0.130761885,3.922801973,230.663965
1,4,B5,11,0.140875532,4.226207415,247.940936
1,4,B5,12,0.125365613,3.760916786,223.902985
1,4,B5,13,0.111315822,3.339428655,197.808215
1,4,B5,14,0.081685097,2.450518815,146.134639
1,4,B5,15,0.060014214,1.800400662,106.94533
1,4,B5,16,0.106388526,3.191612124,190.329073
1,4,B5,17,0.105858713,3.1757193,187.581639
1,4,B5,18,0.132666939,3.979952579,222.747791
1,4,B5,19,0.188954674,5.668557836,332.749181
1,4,B5,20,0.164988027,4.949569475,292.523772
1,4,B5,21,0.176919276,5.307501883,312.79328
1,4,B5,22,0.125251471,3.757491363,223.323372
1,4,B5,23,0.111315998,3.339434008,199.14432
1,4,B5,24,0.111856989,3.355663182,199.664725
1,4,B5,25,0.095350286,2.860467249,169.818859
1,4,B5,26,0.060058462,1.801728846,1.56152
,4,,,,,
1,4,B6,1,0.072020006,2.160565754,125.67491
1,4,B6,2,0.064719757,1.9415637,112.288778
1,4,B6,3,0.077893168,2.336758383,131.951027
1,4,B6,4,0.072695605,2.180833297,128.089656
1,4,B6,5,0.077652492,2.329539404,138.066131
1,4,B6,6,0.080978602,2.429318016,143.251147
1,4,B6,7,0.112955932,3.38862687,199.931999
1,4,B6,8,0.107358542,3.2207134,188.843675
1,4,B6,9,0.0938057,2.814132435,165.660866
1,4,B6,10,0.087099776,2.612957014,153.992404
1,4,B6,11,0.101527812,3.045790166,177.064504
1,4,B6,12,0.089394648,2.681802163,159.122474
1,4,B6,13,0.092635463,2.779024316,164.613217
1,4,B6,14,0.093099373,2.792943553,166.368579
1,4,B6,15,0.08910658,2.673157978,158.609712
1,4,B6,16,0.100031555,3.000906361,178.956452
1,4,B6,17,0.074069394,2.22205009,131.250966
1,4,B6,18,0.076858486,2.305720891,128.584247
1,4,B6,19,0.116352244,3.490519592,205.129007
1,4,B6,20,0.153706458,4.611126079,271.291899
1,4,B6,21,0.169642763,5.089211886,300.437333
1,4,B6,22,0.199376418,5.981205486,355.0894
1,4,B6,23,0.236839173,7.105075754,422.757923
1,4,B6,24,0.219646353,6.58929856,392.06874
1,4,B6,25,0.221150041,6.634405053,393.868223
1,4,B6,26,0.219895115,6.596755769,5.717273
,4,,,,,
1,4,C1,1,0.035110023,1.053284749,61.512761
1,4,C1,2,0.032579491,0.977369539,57.893756
1,4,C1,3,0.031811217,0.954323317,52.265829
1,4,C1,4,0.022990678,0.689710735,30.347695
1,4,C1,5,0.021701176,0.651025786,38.780001
1,4,C1,6,0.099504417,2.985089051,168.858996
1,4,C1,7,0.096609579,2.898246481,171.868441
1,4,C1,8,0.119842668,3.595228254,213.439791
1,4,C1,9,0.078710618,2.361284515,139.632636
1,4,C1,10,0.100089084,3.002630456,177.658124
1,4,C1,11,0.050596103,1.517861962,90.516428
1,4,C1,12,0.033462421,1.003859004,59.797346
1,4,C1,13,0.008340982,0.25022584,14.796902
1,4,C1,14,0.003136486,0.094093341,5.586082
1,4,C1,15,0.002289285,0.068677882,4.06348
1,4,C1,16,0.001401858,0.042055351,2.499513
1,4,C1,17,0.004421118,0.132631739,7.882853
1,4,C1,18,0.004856351,0.145688439,8.649162
1,4,C1,19,0.010593245,0.317792179,18.866569
1,4,C1,20,0.011012783,0.330378917,19.723895
1,4,C1,21,0.035668454,1.070037786,61.207067
1,4,C1,22,0.011404119,0.342119309,20.299332
1,4,C1,23,0.009444496,0.283330185,16.820647
1,4,C1,24,0.006289305,0.188676997,11.245278
1,4,C1,25,0.003116436,0.093491838,5.562839
1,4,C1,26,0,0,0
1,4,,,,,
1,4,,,,,
1,4,C2,1,0.053633691,1.608986951,93.59079
1,4,C2,2,0.059176773,1.775278075,102.671701
1,4,C2,3,0.07575628,2.272656411,128.331139
1,4,C2,4,0.068624422,2.058703002,120.916232
1,4,C2,5,0.068215686,2.046442165,121.287489
1,4,C2,6,0.057933193,1.737971566,102.483818
1,4,C2,7,0.062765008,1.88292389,111.345124
1,4,C2,8,0.085981017,2.579395829,150.896684
1,4,C2,9,0.11579268,3.473732146,205.532007
1,4,C2,10,0.13668466,4.100482415,242.205218
1,4,C2,11,0.143468779,4.304004872,252.361583
1,4,C2,12,0.139216564,4.17643721,247.527051
1,4,C2,13,0.127827125,3.834758932,227.404455
1,4,C2,14,0.125298942,3.758916333,224.159807
1,4,C2,15,0.121014761,3.630392952,215.648304
1,4,C2,16,0.069460093,2.083772504,124.264106
1,4,C2,17,0.115517392,3.465471153,204.465784
1,4,C2,18,0.151967245,4.558952787,254.089234
1,4,C2,19,0.146328358,4.38978796,258.269551
1,4,C2,20,0.196881356,5.906353892,347.495593
1,4,C2,21,0.192256588,5.76762073,339.909648
1,4,C2,22,0.124862629,3.745825508,222.380342
1,4,C2,23,0.071691825,2.150724933,127.754832
1,4,C2,24,0.022447474,0.673414689,40.068741
1,4,C2,25,0.017636667,0.529092459,31.410904
1,4,C2,26,0.049652,1.48953,1.290952
,4,,,,,
1,4,C3,1,0.016035409,0.481056023,27.981788
1,4,C3,2,0.017586822,0.527597124,30.513137
1,4,C3,3,0.016622468,0.498666529,28.15846
1,4,C3,4,0.018653376,0.559593882,32.867249
1,4,C3,5,0.020738013,0.622130371,36.872188
1,4,C3,6,0.136517538,4.095469932,241.499525
1,4,C3,7,0.141356341,4.24063232,251.048862
1,4,C3,8,0.133114662,3.993385173,234.41492
1,4,C3,9,0.147984227,4.439467861,262.228051
1,4,C3,10,0.154858367,4.6456862,272.241009
1,4,C3,11,0.164112518,4.923306123,288.67392
1,4,C3,12,0.166697276,5.000849141,295.054178
1,4,C3,13,0.157190905,4.715661142,279.328239
1,4,C3,14,0.160830202,4.824839731,287.403571
1,4,C3,15,0.12236704,3.670958777,218.058065
1,4,C3,16,0.126371476,3.791091805,226.078571
1,4,C3,17,0.147208966,4.416206169,260.55987
1,4,C3,18,0.143662629,4.309817867,240.491241
1,4,C3,19,0.167628529,5.028786151,295.696726
1,4,C3,20,0.183224707,5.496662411,323.025159
1,4,C3,21,0.117858876,3.535716461,206.48875
1,4,C3,22,0.120912053,3.627311417,215.102542
1,4,C3,23,0.105919494,3.177539016,188.430779
1,4,C3,24,0.108529932,3.255852129,193.725929
1,4,C3,25,0.113295272,3.39881146,201.778879
1,4,C3,26,0.118903192,3.567058462,3.091483
,4,,,,,
1,4,C4,1,0.011180305,0.33540357,19.509632
1,4,C4,2,0.015821456,0.474636046,27.450226
1,4,C4,3,0.016669522,0.500079179,28.238171
1,4,C4,4,0.017118306,0.513541691,30.162455
1,4,C4,5,0.023070413,0.692103307,41.019195
1,4,C4,6,0.014791879,0.443749915,26.166834
1,4,C4,7,0.038204792,1.146127754,67.698891
1,4,C4,8,0.057241333,1.717215642,100.344056
1,4,C4,9,0.090521194,2.715598734,159.498344
1,4,C4,10,0.08006164,2.401814943,141.06861
1,4,C4,11,0.11242178,3.372601728,197.075381
1,4,C4,12,0.094302372,2.829032107,167.858222
1,4,C4,13,0.048502971,1.45507009,86.286786
1,4,C4,14,0.027438403,0.823140246,49.032427
1,4,C4,15,0.021914272,0.657419254,39.051233
1,4,C4,16,0.008006555,0.240192789,14.323727
1,4,C4,17,0.070932712,2.127951714,124.983438
1,4,C4,18,0.05508111,1.652410619,92.481184
1,4,C4,19,0.074972444,2.249143854,132.476309
1,4,C4,20,0.097563438,2.926862801,171.711651
1,4,C4,21,0.12630801,3.78918682,222.049481
1,4,C4,22,0.047400242,1.421986457,84.419831
1,4,C4,23,0.026072164,0.782154958,46.643102
1,4,C4,24,0.023852269,0.715557978,42.5763
1,4,C4,25,0.022595036,0.677841016,40.241759
1,4,C4,26,0,0,0
,4,,,,,
1,4,C5,1,0.01625093,0.487520845,28.471629
1,4,C5,2,0.129556521,3.886641249,230.221937
1,4,C5,3,0.1232683,3.69799734,202.529817
1,4,C5,4,0.09474538,2.84232372,125.063901
1,4,C5,5,0.130540102,3.916146614,233.275163
1,4,C5,6,0.045523758,1.365693426,77.344865
1,4,C5,7,0.057293352,1.718778212,101.924873
1,4,C5,8,0.073956768,2.218673925,131.717004
1,4,C5,9,0.086304527,2.589098236,153.104231
1,4,C5,10,0.088340457,2.65017542,156.804312
1,4,C5,11,0.080788545,2.423622856,144.530707
1,4,C5,12,0.06289662,1.88687235,112.39626
1,4,C5,13,0.061193848,1.835788636,108.557886
1,4,C5,14,0.034246515,1.027380045,60.993043
1,4,C5,15,0.040505546,1.215150197,71.897344
1,4,C5,16,0.02679952,0.803973932,47.783544
1,4,C5,17,0.048872243,1.466146999,87.139209
1,4,C5,18,0.051887684,1.556607726,92.411965
1,4,C5,19,0.069532853,2.085955474,123.838011
1,4,C5,20,0.081382774,2.441447426,145.756548
1,4,C5,21,0.098921699,2.967610111,169.749636
1,4,C5,22,0.088018392,2.640516264,156.672738
1,4,C5,23,0.071036869,2.131076508,126.516663
1,4,C5,24,0.064581816,1.937427919,115.472287
1,4,C5,25,0.062282355,1.868443137,111.174004
1,4,C5,26,0.059623423,1.788674615,1.550209
1,,,,,,
1,5,A1,1,0.06705097,2.011502392,117.473299
1,5,A1,2,0.060664425,1.819907501,107.800684
1,5,A1,3,0.058039065,1.74114947,95.358184
1,5,A1,4,0.046808741,1.404240523,61.787538
1,5,A1,5,0.08055423,2.416592272,143.950409
1,5,A1,6,0.04871432,1.461409559,82.765629
1,5,A1,7,0.063904784,1.917114918,113.68661
1,5,A1,8,0.07992991,2.397861465,142.355169
1,5,A1,9,0.07511698,2.253476556,133.257523
1,5,A1,10,0.033074349,0.992216772,58.706969
1,5,A1,11,0.082673126,2.480158686,147.902222
1,5,A1,12,0.070320232,2.109577655,125.662254
1,5,A1,13,0.071663253,2.149867706,127.130611
1,5,A1,14,0.07922328,2.376665401,141.096661
1,5,A1,15,0.08966568,2.68993097,158.977251
1,5,A1,16,0.084992199,2.549730079,151.54109
1,5,A1,17,0.077221692,2.316617241,137.686276
1,5,A1,18,0.057268339,1.718024896,101.994912
1,5,A1,19,0.059946337,1.798366238,106.764426
1,5,A1,20,0.073180265,2.195376979,131.065855
1,5,A1,21,0.094261339,2.827800356,161.375413
1,5,A1,22,0.106176803,3.185259921,188.782356
1,5,A1,23,0.114772993,3.443140275,204.181155
1,5,A1,24,0.115781401,3.473388753,207.017145
1,5,A1,25,0.123176025,3.695228952,219.869204
1,5,A1,26,0.071267846,2.138019231,1.852964
,5,,,,,
1,5,A2,1,0.046143156,1.384276153,80.84281
1,5,A2,2,0.040357414,1.210708278,71.715124
1,5,A2,3,0.043076113,1.29226717,70.774054
1,5,A2,4,0.014577019,0.437305583,19.241665
1,5,A2,5,0.019293424,0.578797487,34.477348
1,5,A2,6,0.098994805,2.969804997,168.192173
1,5,A2,7,0.070045863,2.101348089,124.611591
1,5,A2,8,0.065774754,1.973214514,117.144837
1,5,A2,9,0.076057727,2.281698191,134.926407
1,5,A2,10,0.070839326,2.125149983,125.739803
1,5,A2,11,0.091670784,2.75008678,163.999033
1,5,A2,12,0.085192489,2.555739161,152.238978
1,5,A2,13,0.08513519,2.554016973,151.029827
1,5,A2,14,0.074488472,2.234621881,132.663969
1,5,A2,15,0.075959862,2.278764603,134.828755
1,5,A2,16,0.056947911,1.708413337,101.538125
1,5,A2,17,0.063525434,1.905736702,113.265849
1,5,A2,18,0.072879478,2.186351533,129.79835
1,5,A2,19,0.067474138,2.024194975,120.036491
1,5,A2,20,0.074021241,2.220604467,132.572043
1,5,A2,21,0.075567754,2.26700049,129.52313
1,5,A2,22,0.093684432,2.810492897,166.57092
1,5,A2,23,0.078189376,2.345649354,139.255279
1,5,A2,24,0.066238565,1.987128417,118.434554
1,5,A2,25,0.066669647,2.000062605,119.00532
1,5,A2,26,0.0622685,1.868016923,1.618981
1,5,A3 (NOT Used),,,,
1,5,A4,1,0.085066406,2.551955719,149.036344
1,5,A4,2,0.057635361,1.729036196,102.418037
1,5,A4,3,0.111122616,3.333634212,182.574458
1,5,A4,4,0.133126819,3.993747659,175.727401
1,5,A4,5,0.130181104,3.905376586,232.633633
1,5,A4,6,0.095832733,2.874941872,162.819814
1,5,A4,7,0.109220992,3.276582693,194.304144
1,5,A4,8,0.108864357,3.265888377,193.88742
1,5,A4,9,0.097209741,2.9162504,172.45008
1,5,A4,10,0.117683643,3.530458676,208.888467
1,5,A4,11,0.125412284,3.762314505,224.362576
1,5,A4,12,0.138125345,4.143701175,245.724989
1,5,A4,13,0.115943301,3.478249615,204.987756
1,5,A4,14,0.103983666,3.119466481,184.986942
1,5,A4,15,0.131064143,3.931869746,232.638853
1,5,A4,16,0.101744012,3.052278239,181.409573
1,5,A4,17,0.079111078,2.373300073,141.055052
1,5,A4,18,0.086318698,2.589524503,153.733601
1,5,A4,19,0.077337001,2.320077872,137.737198
1,5,A4,20,0.083874851,2.516212669,150.219858
1,5,A4,21,0.078530294,2.355873869,134.757984
1,5,A4,22,0.08972997,2.691860169,159.719347
1,5,A4,23,0.119231124,3.57688238,211.873707
1,5,A4,24,0.118370735,3.551072231,211.173392
1,5,A4,25,0.14162888,4.248808295,252.524293
1,5,A4,26,0.156127731,4.683783846,4.059321
,5,,,,,
1,5,A5,1,0.089174539,2.675200439,156.233793
1,5,A5,2,0.101948353,3.058406146,180.958327
1,5,A5,3,0.102645123,3.079311163,168.645937
1,5,A5,4,0.09151152,2.745304326,120.795207
1,5,A5,5,0.091130041,2.733863576,162.849383
1,5,A5,6,0.071265506,2.137934132,121.080094
1,5,A5,7,0.070763641,2.122878049,125.888517
1,5,A5,8,0.056027522,1.68080315,99.785017
1,5,A5,9,0.011992314,0.359764848,21.274365
1,5,A5,10,0.011830895,0.354922152,20.999838
1,5,A5,11,0.011931078,0.357926875,21.344699
1,5,A5,12,0.018260076,0.547794813,32.630756
1,5,A5,13,0.011281698,0.338446139,20.013732
1,5,A5,14,0.011793487,0.353800185,21.0042
1,5,A5,15,0.021476401,0.644286603,38.120611
1,5,A5,16,0.011189735,0.33568793,19.951297
1,5,A5,17,0.005724795,0.171741183,10.207309
1,5,A5,18,0.007069343,0.21207685,12.5905
1,5,A5,19,0.010475195,0.314251713,18.656323
1,5,A5,20,0.01008079,0.302419296,18.054694
1,5,A5,21,0.010641308,0.319234155,18.260484
1,5,A5,22,0.010071656,0.302145663,17.927548
1,5,A5,23,0.010611108,0.318328972,18.898383
1,5,A5,24,0.01102408,0.330717617,19.711055
1,5,A5,25,0.008240848,0.247222146,14.709913
1,5,A5,26,0,0,0
1,5,,,,,
1,5,A6,1,0.07061962,2.118559491,126.26788
1,5,A6,2,0.071395286,2.141828775,122.37152
1,5,A6,3,0.060471826,1.814128817,107.881738
1,5,A6,4,0.066985579,2.009538765,117.157778
1,5,A6,5,0.058977762,1.76930836,103.56495
1,5,A6,6,0.080016353,2.400455913,141.548929
1,5,A6,7,0.093924606,2.817699448,165.025533
1,5,A6,8,0.073806485,2.214161604,131.154124
1,5,A6,9,0.072132604,2.163946709,126.01566
1,5,A6,10,0.070616108,2.118453743,124.708046
1,5,A6,11,0.080058975,2.401738018,142.585034
1,5,A6,12,0.062103039,1.863065333,110.853925
1,5,A6,13,0.060184055,1.805496916,105.562832
1,5,A6,14,0.073086658,2.192568751,104.733181
1,5,A6,15,0.069996809,2.09987457,122.984393
1,5,A6,16,0.023966628,0.718990216,42.109365
1,5,A6,17,0.018189333,0.545672136,30.321618
1,5,A6,18,0.030325711,0.909759435,53.676509
1,5,A6,19,0.054986609,1.649574661,95.676699
1,5,A6,20,0.079072311,2.372134082,139.483556
1,5,A6,21,0.176756144,5.302612489,307.55569
1,5,A6,22,0.188855432,5.665582964,335.784958
1,5,A6,23,0.082741592,2.482213159,145.873427
1,5,A6,24,0.181860642,5.455735614,318.437985
1,5,A6,25,0.180987659,5.429552578,317.995317
1,5,A6,26,0.018608038,0.558238077,0.483809
1,5,,,,,
1,5,B1,1,0.055430671,1.662896889,97.114536
1,5,B1,2,0.042207816,1.266216792,75.003289
1,5,B1,3,0.032514632,0.975426117,53.42154
1,5,B1,4,0.046160492,1.384794318,60.93185
1,5,B1,5,0.028822837,0.86467324,51.506409
1,5,B1,6,0.020506889,0.615197475,34.841205
1,5,B1,7,0.009139,0.27416615,16.258281
1,5,B1,8,0.006332153,0.189961864,11.277564
1,5,B1,9,0.032999339,0.989966082,58.540828
1,5,B1,10,0.045585763,1.367552845,80.914729
1,5,B1,11,0.045849836,1.375474623,82.025356
1,5,B1,12,0.051323799,1.539691897,91.715629
1,5,B1,13,0.040348636,1.210443946,71.578481
1,5,B1,14,0.061961364,1.858815401,110.353189
1,5,B1,15,0.071583497,2.147475375,127.060707
1,5,B1,16,0.052746113,1.582361486,94.04632
1,5,B1,17,0.061578354,1.847325143,109.794205
1,5,B1,18,0.065883507,1.976477583,117.206759
1,5,B1,19,0.070398342,2.111921202,125.379447
1,5,B1,20,0.063687259,1.910590821,114.063881
1,5,B1,21,0.076162674,2.284847911,130.542824
1,5,B1,22,0.064214877,1.926420017,114.174052
1,5,B1,23,0.054021722,1.62062991,96.104644
1,5,B1,24,0.061056873,1.831681685,109.047576
1,5,B1,25,0.076542177,2.296232507,136.474701
1,5,B1,26,0.080686346,2.420551923,2.097845
1,5,,,,,
1,5,B2,1,0.097295787,2.918832945,170.462219
1,5,B2,2,0.102948828,3.088421345,182.940067
1,5,B2,3,0.118406181,3.552137054,194.541355
1,5,B2,4,0.091928728,2.75782147,121.345921
1,5,B2,5,0.101812063,3.054319418,181.938157
1,5,B2,6,0.064184006,1.925494191,109.048627
1,5,B2,7,0.064929236,1.947848994,115.50911
1,5,B2,8,0.072951756,2.188522948,129.927078
1,5,B2,9,0.087505861,2.625139098,155.235397
1,5,B2,10,0.089763601,2.692870541,159.330392
1,5,B2,11,0.068584484,2.057505115,122.697641
1,5,B2,12,0.048248976,1.447448372,86.220921
1,5,B2,13,0.045736376,1.372071054,81.136331
1,5,B2,14,0.047163375,1.414881308,83.99797
1,5,B2,15,0.062959097,1.888747448,111.752398
1,5,B2,16,0.115273863,3.458167084,205.533298
1,5,B2,17,0.140689918,4.220638491,250.850123
1,5,B2,18,0.047523048,1.425671366,84.543503
1,5,B2,19,0.048007468,1.440203435,85.405285
1,5,B2,20,0.079275405,2.37822891,141.823699
1,5,B2,21,0.062285244,1.868529207,106.881478
1,5,B2,22,0.100021493,3.00060282,178.038258
1,5,B2,23,0.149833138,4.494934239,266.852819
1,5,B2,24,0.144099852,4.322935073,257.650536
1,5,B2,25,0.135647807,4.069377922,242.131335
1,5,B2,26,0.077311269,2.319301538,2.010093
1,5,,,,,
1,5,B3,1,0.022456525,0.673687049,39.343832
1,5,B3,2,0.01439225,0.431761587,25.575029
1,5,B3,3,0.012750985,0.382524912,20.949868
1,5,B3,4,0.015810653,0.47431222,20.870062
1,5,B3,5,0.015915694,0.47746474,28.441346
1,5,B3,6,0.0155526,0.466570965,26.423867
1,5,B3,7,0.024353881,0.730607263,43.325554
1,5,B3,8,0.021918281,0.657538849,39.036458
1,5,B3,9,0.032342518,0.970261928,57.375627
1,5,B3,10,0.031313696,0.93939591,55.58181
1,5,B3,11,0.031889679,0.956677317,57.050635
1,5,B3,12,0.042495014,1.274833173,75.93859
1,5,B3,13,0.058138366,1.744128929,103.137462
1,5,B3,14,0.059926318,1.797763751,106.728772
1,5,B3,15,0.080536319,2.416056862,142.951967
1,5,B3,16,0.107765991,3.232935766,192.146762
1,5,B3,17,0.113249164,3.397427431,201.923259
1,5,B3,18,0.139756158,4.192628128,248.626205
1,5,B3,19,0.129617853,3.888482487,230.849396
1,5,B3,20,0.126912514,3.807322529,227.300312
1,5,B3,21,0.104858079,3.145697646,179.936463
1,5,B3,22,0.113555152,3.406608708,202.128171
1,5,B3,23,0.092066819,2.761965233,163.971005
1,5,B3,24,0.134972459,4.049117025,241.330757
1,5,B3,25,0.108628883,3.258818908,193.902556
1,5,B3,26,0.283420346,8.50249,7.368929
1,6,B4,Not USED,,,
1,6,B5,1,0.033807133,1.014199503,59.230097
1,6,B5,2,0.040576603,1.217279972,72.104623
1,6,B5,3,0.033683852,1.010502556,55.342569
1,6,B5,4,0.041198172,1.235926386,54.381587
1,6,B5,5,0.034706774,1.041187655,62.021005
1,6,B5,6,0.029258696,0.877748434,49.710525
1,6,B5,7,0.058778375,1.763325053,104.56673
1,6,B5,8,0.074723569,2.24167484,133.082676
1,6,B5,9,0.112541294,3.37619115,199.648255
1,6,B5,10,0.137008446,4.110194361,243.189991
1,6,B5,11,0.134888031,4.046584041,241.314687
1,6,B5,12,0.121415056,3.642399512,216.483044
1,6,B5,13,0.124057154,3.721663138,219.829277
1,6,B5,14,0.088618603,2.658520371,157.652495
1,6,B5,15,0.190212693,5.706300642,337.62753
1,6,B5,16,0.055345492,1.660343062,98.681012
1,6,B5,17,0.089630129,2.688865104,159.81052
1,6,B5,18,0.112616504,3.378447136,200.569993
1,6,B5,19,0.09629111,2.888691937,171.494467
1,6,B5,20,0.095700825,2.87098421,171.400177
1,6,B5,21,0.0948253,2.844721608,162.720214
1,6,B5,22,0.106522118,3.195617261,189.396325
1,6,B5,23,0.117148525,3.514405104,208.641523
1,6,B5,24,0.126530074,3.795847987,226.235773
1,6,B5,25,0.080600774,2.417990941,143.872382
1,6,B5,26,0.129159885,3.874755385,3.358157
1,6,,,,,
1,6,B6,1,0.152527336,4.575754877,273.023932
1,6,B6,2,0.177175402,5.315187576,304.032989
1,6,B6,3,0.159783262,4.793431334,285.05334
1,6,B6,4,0.137690771,4.130664162,240.821158
1,6,B6,5,0.098984937,2.969507292,174.01552
1,6,B6,6,0.05639176,1.691730198,99.757023
1,6,B6,7,0.069058861,2.071736794,121.474537
1,6,B6,8,0.114756841,3.442656451,203.693393
1,6,B6,9,0.062970517,1.889089823,110.450286
1,6,B6,10,0.060812677,1.82435402,107.395188
1,6,B6,11,0.204603176,6.138010045,364.807463
1,6,B6,12,0.10860203,3.258012373,194.506235
1,6,B6,13,0.15235167,4.570484026,267.529533
1,6,B6,14,0.139817197,4.194456706,202.03585
1,6,B6,15,0.154788915,4.643603933,273.512013
1,6,B6,16,0.10907929,3.272335313,193.615739
1,6,B6,17,0.028018262,0.840535314,47.771136
1,6,B6,18,0.039922057,1.197644978,71.300793
1,6,B6,19,0.053074188,1.592202716,94.790499
1,6,B6,20,0.060238781,1.807137918,107.345507
1,6,B6,21,0.232233848,6.966914937,408.267104
1,6,B6,22,0.170639505,5.119114854,304.762156
1,6,B6,23,0.185724425,5.571654389,330.032303
1,6,B6,24,0.178767152,5.362940365,318.741832
1,6,B6,25,0.236237257,7.087021446,421.447267
1,6,B6,26,0.114643808,3.439263846,2.980739
1,,,,,,
1,7,A1,1,0.13929396,4.178759018,249.614776
1,7,A1,2,0.140261061,4.207771793,240.126936
1,7,A1,3,0.147878615,4.436297719,263.815449
1,7,A1,4,0.143743269,4.312236141,251.406977
1,7,A1,5,0.141686355,4.250530854,248.801239
1,7,A1,6,0.101856473,3.055653505,180.1841
1,7,A1,7,0.068209929,2.046269624,119.844845
1,7,A1,8,0.021912241,0.65735777,38.806578
1,7,A1,9,0.034770588,1.043100115,60.570364
1,7,A1,10,0.015002844,0.450079019,26.16496
1,7,A1,11,0.030062433,0.9018607,52.819695
1,7,A1,12,0.161363613,4.840844416,287.549958
1,7,A1,13,0.146487319,4.394556931,254.887935
1,7,A1,14,0.177375046,5.321179359,251.69519
1,7,A1,15,0.170537093,5.116043173,297.757765
1,7,A1,16,0.093565788,2.806935634,166.079274
1,7,A1,17,0.037474583,1.124222316,63.744265
1,7,A1,18,0.042774596,1.283220107,76.13878
1,7,A1,19,0.051597158,1.547895877,91.223775
1,7,A1,20,0.077418707,2.322524813,136.566599
1,7,A1,21,0.08401143,2.520308683,146.683957
1,7,A1,22,0.11185305,3.355545387,198.091752
1,7,A1,23,0.157095696,4.712798838,275.702947
1,7,A1,24,0.163070217,4.892037778,287.003582
1,7,A1,25,0.154952011,4.648496431,273.955155
1,7,A1,26,0.2458055,7.374067308,6.390943
1,7,,,,,
1,7,A2,1,0.198357671,5.95064611,355.456947
1,7,A2,2,0.223834442,6.714940864,383.4284
1,7,A2,3,0.243233446,7.296900333,431.2529
1,7,A2,4,0.235084281,7.052432634,408.811564
1,7,A2,5,0.232625654,6.978672735,406.629643
1,7,A2,6,0.084444568,2.533302759,148.45355
1,7,A2,7,0.022741489,0.68223498,40.00228
1,7,A2,8,0.055854236,1.675602898,99.252977
1,7,A2,9,0.028633283,0.85898596,50.108245
1,7,A2,10,0.02423687,0.727095974,42.559943
1,7,A2,11,0.056737021,1.702087497,99.516734
1,7,A2,12,0.106086035,3.182538908,189.363572
1,7,A2,13,0.196777385,5.903237932,342.589427
1,7,A2,14,0.203757341,6.112629069,291.169241
1,7,A2,15,0.206212459,6.186286751,359.222104
1,7,A2,16,0.104166394,3.124946156,184.270351
1,7,A2,17,0.093161943,2.794819545,155.673606
1,7,A2,18,0.132426225,3.972729834,231.348615
1,7,A2,19,0.145194909,4.355780296,255.397845
1,7,A2,20,0.169183849,5.075444785,298.778678
1,7,A2,21,0.205454018,6.163541485,361.188164
1,7,A2,22,0.238515867,7.155375492,412.155418
1,7,A2,23,0.198514268,5.955346168,342.437113
1,7,A2,24,0.197339252,5.920093513,348.30378
1,7,A2,25,0.213997757,6.419844641,372.99809
1,7,A2,26,0.219812077,6.594271923,5.715114
1,7,,,,,
1,7,A3,1,0.12696966,3.809036875,227.529631
1,7,A3,2,0.159533623,4.78594345,273.759697
1,7,A3,3,0.152882669,4.586416985,271.825386
1,7,A3,4,0.159745382,4.792293377,278.11671
1,7,A3,5,0.1669121,5.007292412,292.763824
1,7,A3,6,0.106982949,3.209442527,189.252836
1,7,A3,7,0.058233334,1.746974997,102.432435
1,7,A3,8,0.016387804,0.491627485,29.121127
1,7,A3,9,0.014518684,0.43555439,25.465772
1,7,A3,10,0.04401589,1.320458726,77.732062
1,7,A3,11,0.073013024,2.190360185,129.890169
1,7,A3,12,0.106183428,3.185459488,186.670467
1,7,A3,13,0.115332102,3.459914803,201.94651
1,7,A3,14,0.137721642,4.131588268,197.217392
1,7,A3,15,0.121450145,3.643452929,213.145004
1,7,A3,16,0.098224793,2.946707037,174.349007
1,7,A3,17,0.108017865,3.240482581,183.738388
1,7,A3,18,0.11348093,3.404378815,201.996056
1,7,A3,19,0.124324612,3.729684815,221.546459
1,7,A3,20,0.132053041,3.961537387,233.997988
1,7,A3,21,0.202181082,6.065352024,356.647429
1,7,A3,22,0.109541224,3.286190397,195.859708
1,7,A3,23,0.083252218,2.497531266,147.939191
1,7,A3,24,0.058883626,1.766482569,104.989505
1,7,A3,25,0.066845552,2.005337868,119.78723
1,7,A3,26,0.0765805,2.297385,1.991093
1,7,,,,,
1,7,A4,1,0.17031784,5.109463385,304.868934
1,7,A4,2,0.159369286,4.781012552,273.477694
1,7,A4,3,0.175795212,5.273786334,312.212296
1,7,A4,4,0.175955237,5.27858337,305.986157
1,7,A4,5,0.175528382,5.265777514,307.876782
1,7,A4,6,0.133277557,3.998268121,235.501444
1,7,A4,7,0.098703126,2.961053322,172.039548
1,7,A4,8,0.126568166,3.796990126,221.367722
1,7,A4,9,0.048974558,1.469214793,85.215731
1,7,A4,10,0.059471399,1.784116615,103.480235
1,7,A4,11,0.086698464,2.600916506,150.855327
1,7,A4,12,0.168751845,5.062482764,299.197021
1,7,A4,13,0.218164327,6.544840944,372.188342
1,7,A4,14,0.201343507,6.040221066,283.290315
1,7,A4,15,0.189737694,5.692051089,327.48726
1,7,A4,16,0.089131533,2.673904255,156.069315
1,7,A4,17,0.087949358,2.638443428,145.995935
1,7,A4,18,0.154510585,4.635247768,271.320588
1,7,A4,19,0.21717574,6.515176589,383.966708
1,7,A4,20,0.200297393,6.00883185,354.12579
1,7,A4,21,0.229887806,6.896534222,405.062314
1,7,A4,22,0.126511126,3.795278753,226.201894
1,7,A4,23,0.087167008,2.61497299,154.198438
1,7,A4,24,0.215663703,6.469821636,373.098206
1,7,A4,25,0.175612194,5.268293041,300.296852
1,7,A4,26,0.137700308,4.130943846,3.580208
1,7,,,,,
1,7,A5,1,0.130576196,3.917230785,231.250444
1,7,A5,2,0.13438776,4.031576893,229.265519
1,7,A5,3,0.169526217,5.085714775,301.756667
1,7,A5,4,0.154227169,4.626748406,268.046819
1,7,A5,5,0.148211357,4.446280509,259.221663
1,7,A5,6,0.090782822,2.723446282,160.413246
1,7,A5,7,0.059489455,1.784659584,104.285014
1,7,A5,8,0.088588404,2.657614039,157.244417
1,7,A5,9,0.055454924,1.663625023,96.935207
1,7,A5,10,0.021358351,0.640741745,37.462548
1,7,A5,11,0.052752343,1.58254674,93.371647
1,7,A5,12,0.145484687,4.364483341,253.870778
1,7,A5,13,0.159302588,4.779010153,270.177189
1,7,A5,14,0.172035558,5.160993221,245.15067
1,7,A5,15,0.198402436,5.951996822,341.450593
1,7,A5,16,0.112293318,3.368749402,199.096053
1,7,A5,17,0.122530078,3.675850309,202.174628
1,7,A5,18,0.248102209,7.442970763,428.968719
1,7,A5,19,0.168779359,5.063310773,299.077024
1,7,A5,20,0.18297076,5.489050271,324.590129
1,7,A5,21,0.209321168,6.279553605,367.567971
1,7,A5,22,0.15194646,4.558328361,265.146572
1,7,A5,23,0.140135048,4.203992027,241.312552
1,7,A5,24,0.146860966,4.405770682,256.272386
1,7,A5,25,0.149335524,4.480001818,259.54514
1,7,A5,26,0.133004458,3.990065417,3.192107
1,7,,,,,
1,7,A6,1,0.135401113,4.061975368,242.638794
1,7,A6,2,0.157530857,4.725859965,270.32295
1,7,A6,3,0.160525129,4.815687042,285.41368
1,7,A6,4,0.171918035,5.157466651,296.730528
1,7,A6,5,0.149252049,4.477498516,261.48959
1,7,A6,6,0.093841648,2.815210673,166.005875
1,7,A6,7,0.056396785,1.691879824,99.201945
1,7,A6,8,0.062032914,1.86095978,109.86029
1,7,A6,9,0.085595086,2.567817648,148.507474
1,7,A6,10,0.098536512,2.956057085,171.749141
1,7,A6,11,0.053482758,1.604460754,94.290102
1,7,A6,12,0.103777574,3.113281964,185.450524
1,7,A6,13,0.195898775,5.876883769,342.039261
1,7,A6,14,0.187251341,5.617461879,266.084156
1,7,A6,15,0.182713329,5.481322021,320.113752
1,7,A6,16,0.118746957,3.56235847,208.75715
1,7,A6,17,0.072895654,2.186839165,123.995508
1,7,A6,18,0.064551963,1.936531372,115.289806
1,7,A6,19,0.080918487,2.427518285,143.87307
1,7,A6,20,0.072904164,2.187093148,129.477796
1,7,A6,21,0.112407844,3.372187369,197.837806
1,7,A6,22,0.122227948,3.66678652,217.076835
1,7,A6,23,0.162581834,4.877391822,285.493701
1,7,A6,24,0.162468105,4.873971337,285.618928
1,7,A6,25,0.144496068,4.334819047,254.746568
1,7,A6,26,0.266822478,8.004571739,6.136917
1,7,,,,,
1,7,B1,1,0.091822124,2.754624966,164.361602
1,7,B1,2,0.100534221,3.015984414,171.511381
1,7,B1,3,0.107254151,3.217580524,190.483373
1,7,B1,4,0.107767019,3.232966915,188.268983
1,7,B1,5,0.098510855,2.955284032,172.985062
1,7,B1,6,0.057395166,1.721831952,101.417259
1,7,B1,7,0.055957538,1.678702564,98.205479
1,7,B1,8,0.052873021,1.586169222,93.743867
1,7,B1,9,0.037648951,1.129452954,65.885664
1,7,B1,10,0.020609214,0.61826678,35.839424
1,7,B1,11,0.060086119,1.802556443,105.751569
1,7,B1,12,0.073123115,2.193664576,130.232267
1,7,B1,13,0.097468151,2.924005814,168.814838
1,7,B1,14,0.097455218,2.923615357,137.704223
1,7,B1,15,0.108829918,3.264849444,187.949269
1,7,B1,16,0.098299661,2.948947216,171.238009
1,7,B1,17,0.055602404,1.668044771,93.356436
1,7,B1,18,0.036513117,1.095377506,64.847296
1,7,B1,19,0.055750086,1.672474405,99.346654
1,7,B1,20,0.065305936,1.959149876,115.722118
1,7,B1,21,0.090038635,2.701118699,158.467997
1,7,B1,22,0.082783074,2.483457019,146.360474
1,7,B1,23,0.101070838,3.032083146,174.751479
1,7,B1,24,0.104389056,3.131629393,182.263292
1,7,B1,25,0.125314348,3.759383138,220.051995
1,7,B1,26,0.110434125,3.312974167,2.650419
1,8,B2,NOT USED,,,
1,8,B3,1,0.107238032,3.217095776,192.170553
1,8,B3,2,0.124459103,3.733718415,213.57182
1,8,B3,3,0.118950402,3.56846244,211.612766
1,8,B3,4,0.130486145,3.914527027,226.915406
1,8,B3,5,0.121490177,3.644652816,213.09377
1,8,B3,6,0.077545165,2.326322303,137.022307
1,8,B3,7,0.079168363,2.375020034,138.940477
1,8,B3,8,0.087886681,2.636562807,155.295766
1,8,B3,9,0.142004989,4.260086912,247.372691
1,8,B3,10,0.142368726,4.271005804,249.714746
1,8,B3,11,0.132499708,3.97493384,234.656983
1,8,B3,12,0.103419885,3.102553443,182.949777
1,8,B3,13,0.102058015,3.06169928,179.92828
1,8,B3,14,0.124263386,3.727857149,179.560593
1,8,B3,15,0.100807622,3.024184553,177.118992
1,8,B3,16,0.066582886,1.99745814,117.785125
1,8,B3,17,0.047913974,1.437400882,80.926702
1,8,B3,18,0.076646501,2.299366416,135.8176
1,8,B3,19,0.076882749,2.306450357,135.62117
1,8,B3,20,0.099461963,2.983821282,176.047674
1,8,B3,21,0.149179039,4.475302729,260.76496
1,8,B3,22,0.141182991,4.235426283,248.76443
1,8,B3,23,0.122549353,3.676429518,216.177058
1,8,B3,24,0.136939659,4.108131333,242.520136
1,8,B3,25,0.148106308,4.443128841,263.333016
1,8,B3,26,0.098373538,2.951171923,2.557712
1,8,,,,,
1,8,B4,1,0.082654406,2.479598449,148.116695
1,8,B4,2,0.118520633,3.555568577,203.262886
1,8,B4,3,0.135658862,4.069709961,242.015409
1,8,B4,4,0.146615708,4.398411077,255.84441
1,8,B4,5,0.154873489,4.646140171,271.957847
1,8,B4,6,0.056796182,1.703860859,100.472446
1,8,B4,7,0.048667953,1.460018604,85.412258
1,8,B4,8,0.032374763,0.97123017,57.206207
1,8,B4,9,0.033972695,1.019165389,59.452217
1,8,B4,10,0.054118289,1.623522742,93.732876
1,8,B4,11,0.081127984,2.433802842,143.028635
1,8,B4,12,0.140721826,4.221596944,250.062685
1,8,B4,13,0.167546593,5.026325364,294.54691
1,8,B4,14,0.171977554,5.159263669,247.4757
1,8,B4,15,0.174753257,5.242522691,307.216226
1,8,B4,16,0.112967344,3.388967658,200.178133
1,8,B4,17,0.083051963,2.491524308,141.105285
1,8,B4,18,0.130221536,3.906595543,230.231675
1,8,B4,19,0.178598835,5.357885673,315.762741
1,8,B4,20,0.150437262,4.513057847,264.167832
1,8,B4,21,0.186527669,5.595745043,327.729114
1,8,B4,22,0.14855012,4.456440078,265.310515
1,8,B4,23,0.189738238,5.692062722,335.267467
1,8,B4,24,0.192537257,5.776035176,340.020795
1,8,B4,25,0.161578268,4.847280283,285.670377
1,8,B4,26,0.136151577,4.084513462,3.539941
1,8,,,,,
1,8,B5,1,0.136662177,4.099808694,244.898621
1,8,B5,2,0.133561546,4.006789143,229.191613
1,8,B5,3,0.144031983,4.320898706,256.088866
1,8,B5,4,0.138263577,4.147850487,241.546469
1,8,B5,5,0.147630415,4.428852201,258.943748
1,8,B5,6,0.06271162,1.881323433,110.686009
1,8,B5,7,0.080449167,2.413441129,141.02739
1,8,B5,8,0.07309514,2.192824335,129.159112
1,8,B5,9,0.074661462,2.239813939,130.20959
1,8,B5,10,0.124231165,3.726888452,215.913765
1,8,B5,11,0.133319733,3.999534662,232.776253
1,8,B5,12,0.139309751,4.179232114,248.389286
1,8,B5,13,0.152565154,4.576887887,265.768498
1,8,B5,14,0.17419855,5.225879038,249.974919
1,8,B5,15,0.15997773,4.799261894,282.040738
1,8,B5,16,0.050303403,1.509083553,89.187933
1,8,B5,17,0.028586727,0.857588855,48.683196
1,8,B5,18,0.048299142,1.448955168,86.069071
1,8,B5,19,0.06911623,2.073462138,123.165122
1,8,B5,20,0.060021219,1.800610641,106.717728
1,8,B5,21,0.146715789,4.401415241,255.872336
1,8,B5,22,0.157673823,4.730148119,280.02871
1,8,B5,23,0.16304782,4.891363648,286.47502
1,8,B5,24,0.166995123,5.009783917,295.414373
1,8,B5,25,0.156967095,4.708942404,278.145693
1,8,B5,26,0.062581308,1.877431538,1.627114
1,8,,,,,
1,8,B6,1,0.084649583,2.539452768,151.692052
1,8,B6,2,0.121012394,3.630324001,207.173218
1,8,B6,3,0.115671805,3.470108058,206.127157
1,8,B6,4,0.117584316,3.527480509,205.654968
1,8,B6,5,0.127425611,3.822715129,222.867393
1,8,B6,6,0.051048572,1.531435875,90.100729
1,8,B6,7,0.056584066,1.697499239,98.852364
1,8,B6,8,0.057573107,1.72716916,102.077119
1,8,B6,9,0.071624127,2.14869513,123.981363
1,8,B6,10,0.05930316,1.779069429,103.78053
1,8,B6,11,0.099306852,2.979160086,173.687684
1,8,B6,12,0.09889879,2.966920707,176.336543
1,8,B6,13,0.09170727,2.751179053,161.771624
1,8,B6,14,0.120478543,3.61430472,174.091494
1,8,B6,15,0.085411977,2.562322691,151.093787
1,8,B6,16,0.046607345,1.398201808,82.728037
1,8,B6,17,0.069420994,2.082598843,118.223952
1,8,B6,18,0.057435535,1.723042809,102.235253
1,8,B6,19,0.078799749,2.363957763,140.578753
1,8,B6,20,0.095099244,2.852935746,168.801158
1,8,B6,21,0.133941698,4.018196532,235.603446
1,8,B6,22,0.064450753,1.933495817,115.237946
1,8,B6,23,0.047821149,1.434615616,84.978182
1,8,B6,24,0.085651844,2.569519921,151.518112
1,8,B6,25,0.135427415,4.062766282,239.300242
1,8,B6,26,0.075457308,2.26368,1.96189
1,8,,,,,
1,8,C1,1,0.064800679,1.943992846,116.122816
1,8,C1,2,0.103672691,3.110136591,177.902338
1,8,C1,3,0.089663671,2.6898733,159.780662
1,8,C1,4,0.103428202,3.102799771,180.895926
1,8,C1,5,0.111918192,3.357502323,196.528345
1,8,C1,6,0.033582626,1.007464285,59.407666
1,8,C1,7,0.033202468,0.996059369,58.403142
1,8,C1,8,0.058435977,1.753056775,103.840732
1,8,C1,9,0.086460254,2.593770291,151.478365
1,8,C1,10,0.091967925,2.758997543,161.311741
1,8,C1,11,0.135761126,4.072774447,239.346866
1,8,C1,12,0.108109496,3.243240804,193.624107
1,8,C1,13,0.101015726,3.030430034,178.595803
1,8,C1,14,0.117187999,3.515589473,168.867906
1,8,C1,15,0.097648649,2.929418081,172.545162
1,8,C1,16,0.063283485,1.898477614,112.201619
1,8,C1,17,0.024729022,0.741859208,42.162982
1,8,C1,18,0.032131026,0.963916547,57.321751
1,8,C1,19,0.047717701,1.431514539,84.842072
1,8,C1,20,0.051273119,1.538174244,90.240689
1,8,C1,21,0.073451322,2.203510669,129.568132
1,8,C1,22,0.101237664,3.037088544,180.810468
1,8,C1,23,0.112605948,3.378131515,199.199922
1,8,C1,24,0.10466647,3.139951029,186.20165
1,8,C1,25,0.104396275,3.131843563,186.66054
1,8,C1,26,0.128838538,3.865108077,3.349802
